year,value,anomaly,month,state,type
2000,-2.97,-2.99,01,AZ,drought
2001,1.68,1.66,01,AZ,drought
2002,-2.69,-2.71,01,AZ,drought
2003,-4.68,-4.70,01,AZ,drought
2004,-3.47,-3.49,01,AZ,drought
2005,2.92,2.90,01,AZ,drought
2006,-2.87,-2.89,01,AZ,drought
2007,-3.03,-3.05,01,AZ,drought
2008,-2.07,-2.09,01,AZ,drought
2009,-1.43,-1.45,01,AZ,drought
2010,1.59,1.57,01,AZ,drought
2011,-1.39,-1.41,01,AZ,drought
2012,-2.67,-2.69,01,AZ,drought
2013,-2.82,-2.84,01,AZ,drought
2014,-2.25,-2.27,01,AZ,drought
2015,-1.78,-1.80,01,AZ,drought
2016,0,-0.02,01,AZ,drought
2000,-3.4,-3.51,02,AZ,drought
2001,1.55,1.44,02,AZ,drought
2002,-3.27,-3.38,02,AZ,drought
2003,-3.51,-3.62,02,AZ,drought
2004,-3.12,-3.23,02,AZ,drought
2005,4.34,4.23,02,AZ,drought
2006,-3.64,-3.75,02,AZ,drought
2007,-3.24,-3.35,02,AZ,drought
2008,-1.64,-1.75,02,AZ,drought
2009,-1.42,-1.53,02,AZ,drought
2010,1.88,1.77,02,AZ,drought
2011,-1.24,-1.35,02,AZ,drought
2012,-2.94,-3.05,02,AZ,drought
2013,-2.79,-2.90,02,AZ,drought
2014,-3.06,-3.17,02,AZ,drought
2015,-2.19,-2.30,02,AZ,drought
2016,-1.05,-1.16,02,AZ,drought
2000,-2.97,-3.11,03,AZ,drought
2001,1.33,1.19,03,AZ,drought
2002,-3.76,-3.90,03,AZ,drought
2003,-3.18,-3.32,03,AZ,drought
2004,-3.55,-3.69,03,AZ,drought
2005,3.95,3.81,03,AZ,drought
2006,-3.26,-3.40,03,AZ,drought
2007,-3.5,-3.64,03,AZ,drought
2008,-2.1,-2.24,03,AZ,drought
2009,-1.98,-2.12,03,AZ,drought
2010,1.81,1.67,03,AZ,drought
2011,-1.8,-1.94,03,AZ,drought
2012,-3.11,-3.25,03,AZ,drought
2013,-3.08,-3.22,03,AZ,drought
2014,-3.4,-3.54,03,AZ,drought
2015,-2.41,-2.55,03,AZ,drought
2016,-2.4,-2.54,03,AZ,drought
2000,-3.53,-3.71,04,AZ,drought
2001,1.62,1.44,04,AZ,drought
2002,-4.54,-4.72,04,AZ,drought
2003,-2.9,-3.08,04,AZ,drought
2004,-3.12,-3.30,04,AZ,drought
2005,4.17,3.99,04,AZ,drought
2006,-3.55,-3.73,04,AZ,drought
2007,-4.06,-4.24,04,AZ,drought
2008,-2.29,-2.47,04,AZ,drought
2009,-2.37,-2.55,04,AZ,drought
2010,1.8,1.62,04,AZ,drought
2011,-2.29,-2.47,04,AZ,drought
2012,-3.67,-3.85,04,AZ,drought
2013,-3.46,-3.64,04,AZ,drought
2014,-3.96,-4.14,04,AZ,drought
2015,-2.69,-2.87,04,AZ,drought
2000,-4.35,-4.56,05,AZ,drought
2001,1.56,1.35,05,AZ,drought
2002,-5.05,-5.26,05,AZ,drought
2003,-3.22,-3.43,05,AZ,drought
2004,-3.67,-3.88,05,AZ,drought
2005,5.09,4.88,05,AZ,drought
2006,-4.28,-4.49,05,AZ,drought
2007,-4.47,-4.68,05,AZ,drought
2008,-1.63,-1.84,05,AZ,drought
2009,-2.44,-2.65,05,AZ,drought
2010,2.03,1.82,05,AZ,drought
2011,-2.54,-2.75,05,AZ,drought
2012,-4.24,-4.45,05,AZ,drought
2013,-3.69,-3.90,05,AZ,drought
2014,-4.48,-4.69,05,AZ,drought
2015,-2.17,-2.38,05,AZ,drought
2000,-4.31,-4.58,06,AZ,drought
2001,-.21,-0.48,06,AZ,drought
2002,-5.61,-5.88,06,AZ,drought
2003,-3.58,-3.85,06,AZ,drought
2004,-4.07,-4.34,06,AZ,drought
2005,5.43,5.16,06,AZ,drought
2006,-4.65,-4.92,06,AZ,drought
2007,-4.94,-5.21,06,AZ,drought
2008,-1.3,-1.57,06,AZ,drought
2009,-2.58,-2.85,06,AZ,drought
2010,2.32,2.05,06,AZ,drought
2011,-3.09,-3.36,06,AZ,drought
2012,-4.75,-5.02,06,AZ,drought
2013,-4.07,-4.34,06,AZ,drought
2014,-5.06,-5.33,06,AZ,drought
2015,-1.84,-2.11,06,AZ,drought
2000,-5.14,-5.49,07,AZ,drought
2001,-.5,-0.85,07,AZ,drought
2002,-5.67,-6.02,07,AZ,drought
2003,-3.93,-4.28,07,AZ,drought
2004,-4.3,-4.65,07,AZ,drought
2005,-.49,-0.84,07,AZ,drought
2006,-3.77,-4.12,07,AZ,drought
2007,-4.21,-4.56,07,AZ,drought
2008,-.75,-1.10,07,AZ,drought
2009,-3.11,-3.46,07,AZ,drought
2010,2.29,1.94,07,AZ,drought
2011,-2.91,-3.26,07,AZ,drought
2012,-3.71,-4.06,07,AZ,drought
2013,-3.01,-3.36,07,AZ,drought
2014,-4.64,-4.99,07,AZ,drought
2015,-1.54,-1.89,07,AZ,drought
2000,-4.48,-4.74,08,AZ,drought
2001,-.6,-0.86,08,AZ,drought
2002,-6.2,-6.46,08,AZ,drought
2003,-3.88,-4.14,08,AZ,drought
2004,-4.38,-4.64,08,AZ,drought
2005,-.17,-0.43,08,AZ,drought
2006,-3.49,-3.75,08,AZ,drought
2007,-4.1,-4.36,08,AZ,drought
2008,-.61,-0.87,08,AZ,drought
2009,-4.05,-4.31,08,AZ,drought
2010,-.27,-0.53,08,AZ,drought
2011,-3.48,-3.74,08,AZ,drought
2012,-3.38,-3.64,08,AZ,drought
2013,-2.55,-2.81,08,AZ,drought
2014,-3.33,-3.59,08,AZ,drought
2015,-1.53,-1.79,08,AZ,drought
2000,-5.01,-5.23,09,AZ,drought
2001,-1.39,-1.61,09,AZ,drought
2002,-5.07,-5.29,09,AZ,drought
2003,-3.7,-3.92,09,AZ,drought
2004,.32,0.10,09,AZ,drought
2005,-.87,-1.09,09,AZ,drought
2006,-2.86,-3.08,09,AZ,drought
2007,-3.95,-4.17,09,AZ,drought
2008,-1.1,-1.32,09,AZ,drought
2009,-4.16,-4.38,09,AZ,drought
2010,-.89,-1.11,09,AZ,drought
2011,-3.15,-3.37,09,AZ,drought
2012,-3.22,-3.44,09,AZ,drought
2013,-1.74,-1.96,09,AZ,drought
2014,-2,-2.22,09,AZ,drought
2015,-1.36,-1.58,09,AZ,drought
2000,2.19,2.10,10,AZ,drought
2001,-1.81,-1.90,10,AZ,drought
2002,-4.68,-4.77,10,AZ,drought
2003,-4.02,-4.11,10,AZ,drought
2004,1.18,1.09,10,AZ,drought
2005,-.85,-0.94,10,AZ,drought
2006,-2.32,-2.41,10,AZ,drought
2007,-4.24,-4.33,10,AZ,drought
2008,-1.59,-1.68,10,AZ,drought
2009,-4.3,-4.39,10,AZ,drought
2010,-.51,-0.60,10,AZ,drought
2011,-3.11,-3.20,10,AZ,drought
2012,-3.56,-3.65,10,AZ,drought
2013,-2.05,-2.14,10,AZ,drought
2014,-2.23,-2.32,10,AZ,drought
2015,-.58,-0.67,10,AZ,drought
2000,2.23,2.12,11,AZ,drought
2001,-2.22,-2.33,11,AZ,drought
2002,-4.45,-4.56,11,AZ,drought
2003,-3.36,-3.47,11,AZ,drought
2004,1.84,1.73,11,AZ,drought
2005,-1.52,-1.63,11,AZ,drought
2006,-2.84,-2.95,11,AZ,drought
2007,-4.28,-4.39,11,AZ,drought
2008,-1.59,-1.70,11,AZ,drought
2009,-4.56,-4.67,11,AZ,drought
2010,-.92,-1.03,11,AZ,drought
2011,-2.74,-2.85,11,AZ,drought
2012,-3.9,-4.01,11,AZ,drought
2013,-1.16,-1.27,11,AZ,drought
2014,-2.67,-2.78,11,AZ,drought
2015,0,-0.11,11,AZ,drought
2000,1.36,1.31,12,AZ,drought
2001,-2.21,-2.26,12,AZ,drought
2002,-4.21,-4.26,12,AZ,drought
2003,-3.45,-3.50,12,AZ,drought
2004,1.99,1.94,12,AZ,drought
2005,-2.19,-2.24,12,AZ,drought
2006,-3.09,-3.14,12,AZ,drought
2007,-3.12,-3.17,12,AZ,drought
2008,-1.02,-1.07,12,AZ,drought
2009,.06,0.01,12,AZ,drought
2010,-.73,-0.78,12,AZ,drought
2011,-2.2,-2.25,12,AZ,drought
2012,-3.37,-3.42,12,AZ,drought
2013,-1.46,-1.51,12,AZ,drought
2014,-2.33,-2.38,12,AZ,drought
2015,0,-0.05,12,AZ,drought
2000,.28,-0.86,01,AZ,precip
2001,1.7,0.56,01,AZ,precip
2002,.19,-0.95,01,AZ,precip
2003,.32,-0.82,01,AZ,precip
2004,.71,-0.43,01,AZ,precip
2005,2.83,1.69,01,AZ,precip
2006,.13,-1.01,01,AZ,precip
2007,.79,-0.35,01,AZ,precip
2008,1.99,0.85,01,AZ,precip
2009,.52,-0.62,01,AZ,precip
2010,3.41,2.27,01,AZ,precip
2011,.05,-1.09,01,AZ,precip
2012,.26,-0.88,01,AZ,precip
2013,1.3,0.16,01,AZ,precip
2014,.03,-1.11,01,AZ,precip
2015,1.79,0.65,01,AZ,precip
2016,1.42,0.28,01,AZ,precip
2000,.59,-0.56,02,AZ,precip
2001,1,-0.15,02,AZ,precip
2002,.1,-1.05,02,AZ,precip
2003,2.44,1.29,02,AZ,precip
2004,1.07,-0.08,02,AZ,precip
2005,3.35,2.20,02,AZ,precip
2006,.04,-1.11,02,AZ,precip
2007,.56,-0.59,02,AZ,precip
2008,1.19,0.04,02,AZ,precip
2009,1.02,-0.13,02,AZ,precip
2010,1.44,0.29,02,AZ,precip
2011,1.05,-0.10,02,AZ,precip
2012,.43,-0.72,02,AZ,precip
2013,.51,-0.64,02,AZ,precip
2014,.16,-0.99,02,AZ,precip
2015,.64,-0.51,02,AZ,precip
2016,.3,-0.85,02,AZ,precip
2000,1.73,0.61,03,AZ,precip
2001,1.04,-0.08,03,AZ,precip
2002,.22,-0.90,03,AZ,precip
2003,1.07,-0.05,03,AZ,precip
2004,.75,-0.37,03,AZ,precip
2005,.86,-0.26,03,AZ,precip
2006,1.41,0.29,03,AZ,precip
2007,.83,-0.29,03,AZ,precip
2008,.07,-1.05,03,AZ,precip
2009,.17,-0.95,03,AZ,precip
2010,1.03,-0.09,03,AZ,precip
2011,.33,-0.79,03,AZ,precip
2012,.69,-0.43,03,AZ,precip
2013,.57,-0.55,03,AZ,precip
2014,.9,-0.22,03,AZ,precip
2015,1.12,0.00,03,AZ,precip
2016,.12,-1.00,03,AZ,precip
2000,.11,-0.46,04,AZ,precip
2001,.97,0.40,04,AZ,precip
2002,.18,-0.39,04,AZ,precip
2003,.29,-0.28,04,AZ,precip
2004,1.32,0.75,04,AZ,precip
2005,.7,0.13,04,AZ,precip
2006,.24,-0.33,04,AZ,precip
2007,.24,-0.33,04,AZ,precip
2008,.02,-0.55,04,AZ,precip
2009,.29,-0.28,04,AZ,precip
2010,.27,-0.30,04,AZ,precip
2011,.41,-0.16,04,AZ,precip
2012,.32,-0.25,04,AZ,precip
2013,.2,-0.37,04,AZ,precip
2014,.24,-0.33,04,AZ,precip
2015,.42,-0.15,04,AZ,precip
2000,.02,-0.32,05,AZ,precip
2001,.37,0.03,05,AZ,precip
2002,.01,-0.33,05,AZ,precip
2003,.1,-0.24,05,AZ,precip
2004,.01,-0.33,05,AZ,precip
2005,.21,-0.13,05,AZ,precip
2006,.05,-0.29,05,AZ,precip
2007,.3,-0.04,05,AZ,precip
2008,.65,0.31,05,AZ,precip
2009,.74,0.40,05,AZ,precip
2010,.06,-0.28,05,AZ,precip
2011,.28,-0.06,05,AZ,precip
2012,.05,-0.29,05,AZ,precip
2013,.06,-0.28,05,AZ,precip
2014,.07,-0.27,05,AZ,precip
2015,1,0.66,05,AZ,precip
2000,.73,0.44,06,AZ,precip
2001,.24,-0.05,06,AZ,precip
2002,.01,-0.28,06,AZ,precip
2003,.05,-0.24,06,AZ,precip
2004,.09,-0.20,06,AZ,precip
2005,.21,-0.08,06,AZ,precip
2006,.34,0.05,06,AZ,precip
2007,.12,-0.17,06,AZ,precip
2008,.15,-0.14,06,AZ,precip
2009,.34,0.05,06,AZ,precip
2010,.08,-0.21,06,AZ,precip
2011,.02,-0.27,06,AZ,precip
2012,.08,-0.21,06,AZ,precip
2013,.03,-0.26,06,AZ,precip
2014,.01,-0.28,06,AZ,precip
2015,.8,0.51,06,AZ,precip
2000,.53,-1.27,07,AZ,precip
2001,1.5,-0.30,07,AZ,precip
2002,1.31,-0.49,07,AZ,precip
2003,1.25,-0.55,07,AZ,precip
2004,1.14,-0.66,07,AZ,precip
2005,1.05,-0.75,07,AZ,precip
2006,2.49,0.69,07,AZ,precip
2007,2.27,0.47,07,AZ,precip
2008,2.25,0.45,07,AZ,precip
2009,1.09,-0.71,07,AZ,precip
2010,1.97,0.17,07,AZ,precip
2011,1.76,-0.04,07,AZ,precip
2012,2.52,0.72,07,AZ,precip
2013,2.68,0.88,07,AZ,precip
2014,1.86,0.06,07,AZ,precip
2015,1.91,0.11,07,AZ,precip
2000,2.45,0.35,08,AZ,precip
2001,2.04,-0.06,08,AZ,precip
2002,.87,-1.23,08,AZ,precip
2003,1.8,-0.30,08,AZ,precip
2004,1.48,-0.62,08,AZ,precip
2005,2.43,0.33,08,AZ,precip
2006,2.02,-0.08,08,AZ,precip
2007,1.87,-0.23,08,AZ,precip
2008,2.31,0.21,08,AZ,precip
2009,.66,-1.44,08,AZ,precip
2010,1.84,-0.26,08,AZ,precip
2011,1.28,-0.82,08,AZ,precip
2012,2.22,0.12,08,AZ,precip
2013,2.39,0.29,08,AZ,precip
2014,3.13,1.03,08,AZ,precip
2015,2.1,0.00,08,AZ,precip
2000,.19,-0.99,09,AZ,precip
2001,.39,-0.79,09,AZ,precip
2002,1.88,0.70,09,AZ,precip
2003,1.09,-0.09,09,AZ,precip
2004,1.58,0.40,09,AZ,precip
2005,.42,-0.76,09,AZ,precip
2006,1.42,0.24,09,AZ,precip
2007,.98,-0.20,09,AZ,precip
2008,.62,-0.56,09,AZ,precip
2009,.69,-0.49,09,AZ,precip
2010,.6,-0.58,09,AZ,precip
2011,1.31,0.13,09,AZ,precip
2012,1.07,-0.11,09,AZ,precip
2013,1.88,0.70,09,AZ,precip
2014,2.49,1.31,09,AZ,precip
2015,1.37,0.19,09,AZ,precip
2000,3.54,2.64,10,AZ,precip
2001,.43,-0.47,10,AZ,precip
2002,.7,-0.20,10,AZ,precip
2003,.41,-0.49,10,AZ,precip
2004,1.95,1.05,10,AZ,precip
2005,.92,0.02,10,AZ,precip
2006,1.18,0.28,10,AZ,precip
2007,.15,-0.75,10,AZ,precip
2008,.28,-0.62,10,AZ,precip
2009,.15,-0.75,10,AZ,precip
2010,1.35,0.45,10,AZ,precip
2011,.67,-0.23,10,AZ,precip
2012,.25,-0.65,10,AZ,precip
2013,.21,-0.69,10,AZ,precip
2014,.6,-0.30,10,AZ,precip
2015,1.88,0.98,10,AZ,precip
2000,.84,-0.01,11,AZ,precip
2001,.29,-0.56,11,AZ,precip
2002,.64,-0.21,11,AZ,precip
2003,1.15,0.30,11,AZ,precip
2004,1.76,0.91,11,AZ,precip
2005,.06,-0.79,11,AZ,precip
2006,.07,-0.78,11,AZ,precip
2007,.6,-0.25,11,AZ,precip
2008,.89,0.04,11,AZ,precip
2009,.15,-0.70,11,AZ,precip
2010,.19,-0.66,11,AZ,precip
2011,.92,0.07,11,AZ,precip
2012,.21,-0.64,11,AZ,precip
2013,1.86,1.01,11,AZ,precip
2014,.11,-0.74,11,AZ,precip
2015,.76,-0.09,11,AZ,precip
2000,.12,-1.06,12,AZ,precip
2001,.82,-0.36,12,AZ,precip
2002,.86,-0.32,12,AZ,precip
2003,.54,-0.64,12,AZ,precip
2004,1.66,0.48,12,AZ,precip
2005,.04,-1.14,12,AZ,precip
2006,.37,-0.81,12,AZ,precip
2007,2.28,1.10,12,AZ,precip
2008,1.89,0.71,12,AZ,precip
2009,1.21,0.03,12,AZ,precip
2010,1.67,0.49,12,AZ,precip
2011,1.55,0.37,12,AZ,precip
2012,1.46,0.28,12,AZ,precip
2013,.44,-0.74,12,AZ,precip
2014,1.47,0.29,12,AZ,precip
2015,.61,-0.57,12,AZ,precip
2000,45.8,5.1,01,AZ,temp
2001,40.3,-0.4,01,AZ,temp
2002,42.3,1.6,01,AZ,temp
2003,48.8,8.1,01,AZ,temp
2004,42.8,2.1,01,AZ,temp
2005,45.2,4.5,01,AZ,temp
2006,44.1,3.4,01,AZ,temp
2007,39,-1.7,01,AZ,temp
2008,39.8,-0.9,01,AZ,temp
2009,45.2,4.5,01,AZ,temp
2010,42.2,1.5,01,AZ,temp
2011,41.5,0.8,01,AZ,temp
2012,45.3,4.6,01,AZ,temp
2013,38.6,-2.1,01,AZ,temp
2014,46.5,5.8,01,AZ,temp
2015,45.2,4.5,01,AZ,temp
2016,41.9,1.2,01,AZ,temp
2000,48.4,3.7,02,AZ,temp
2001,44.2,-0.5,02,AZ,temp
2002,46.2,1.5,02,AZ,temp
2003,45.5,0.8,02,AZ,temp
2004,42.1,-2.6,02,AZ,temp
2005,46.2,1.5,02,AZ,temp
2006,47.8,3.1,02,AZ,temp
2007,46.7,2.0,02,AZ,temp
2008,45.1,0.4,02,AZ,temp
2009,46.6,1.9,02,AZ,temp
2010,44.3,-0.4,02,AZ,temp
2011,41.7,-3.0,02,AZ,temp
2012,45.6,0.9,02,AZ,temp
2013,42.2,-2.5,02,AZ,temp
2014,50,5.3,02,AZ,temp
2015,52.1,7.4,02,AZ,temp
2016,50.9,6.2,02,AZ,temp
2000,50.5,1.0,03,AZ,temp
2001,51.8,2.3,03,AZ,temp
2002,49.8,0.3,03,AZ,temp
2003,50.6,1.1,03,AZ,temp
2004,58.1,8.6,03,AZ,temp
2005,49.9,0.4,03,AZ,temp
2006,48.3,-1.2,03,AZ,temp
2007,54.5,5.0,03,AZ,temp
2008,51.8,2.3,03,AZ,temp
2009,52.5,3.0,03,AZ,temp
2010,49.2,-0.3,03,AZ,temp
2011,53.3,3.8,03,AZ,temp
2012,51.6,2.1,03,AZ,temp
2013,54.8,5.3,03,AZ,temp
2014,53.9,4.4,03,AZ,temp
2015,56.4,6.9,03,AZ,temp
2016,55,5.5,03,AZ,temp
2000,61.9,5.2,04,AZ,temp
2001,57.5,0.8,04,AZ,temp
2002,62,5.3,04,AZ,temp
2003,55.6,-1.1,04,AZ,temp
2004,57.9,1.2,04,AZ,temp
2005,57.2,0.5,04,AZ,temp
2006,59,2.3,04,AZ,temp
2007,59.3,2.6,04,AZ,temp
2008,58,1.3,04,AZ,temp
2009,57,0.3,04,AZ,temp
2010,56.1,-0.6,04,AZ,temp
2011,58.9,2.2,04,AZ,temp
2012,60.6,3.9,04,AZ,temp
2013,59.4,2.7,04,AZ,temp
2014,59.1,2.4,04,AZ,temp
2015,58.4,1.7,04,AZ,temp
2000,71.2,6.1,05,AZ,temp
2001,70.8,5.7,05,AZ,temp
2002,67,1.9,05,AZ,temp
2003,68.3,3.2,05,AZ,temp
2004,68.4,3.3,05,AZ,temp
2005,67.9,2.8,05,AZ,temp
2006,70,4.9,05,AZ,temp
2007,68.4,3.3,05,AZ,temp
2008,63.6,-1.5,05,AZ,temp
2009,70.8,5.7,05,AZ,temp
2010,63.1,-2.0,05,AZ,temp
2011,63.3,-1.8,05,AZ,temp
2012,69.3,4.2,05,AZ,temp
2013,67.4,2.3,05,AZ,temp
2014,66.8,1.7,05,AZ,temp
2015,63,-2.1,05,AZ,temp
2000,77.8,3.4,06,AZ,temp
2001,77.5,3.1,06,AZ,temp
2002,78.8,4.4,06,AZ,temp
2003,76.3,1.9,06,AZ,temp
2004,75.9,1.5,06,AZ,temp
2005,74.4,0.0,06,AZ,temp
2006,79.5,5.1,06,AZ,temp
2007,77.3,2.9,06,AZ,temp
2008,77.3,2.9,06,AZ,temp
2009,73,-1.4,06,AZ,temp
2010,75.9,1.5,06,AZ,temp
2011,75.7,1.3,06,AZ,temp
2012,78.7,4.3,06,AZ,temp
2013,79.5,5.1,06,AZ,temp
2014,77.7,3.3,06,AZ,temp
2015,78.5,4.1,06,AZ,temp
2000,81.5,1.8,07,AZ,temp
2001,79.8,0.1,07,AZ,temp
2002,82.3,2.6,07,AZ,temp
2003,83.8,4.1,07,AZ,temp
2004,80.1,0.4,07,AZ,temp
2005,82.7,3.0,07,AZ,temp
2006,82.3,2.6,07,AZ,temp
2007,82,2.3,07,AZ,temp
2008,80.5,0.8,07,AZ,temp
2009,82.8,3.1,07,AZ,temp
2010,81.8,2.1,07,AZ,temp
2011,80.8,1.1,07,AZ,temp
2012,80,0.3,07,AZ,temp
2013,81.1,1.4,07,AZ,temp
2014,81.4,1.7,07,AZ,temp
2015,78.7,-1.0,07,AZ,temp
2000,79.4,1.6,08,AZ,temp
2001,79.1,1.3,08,AZ,temp
2002,79.8,2.0,08,AZ,temp
2003,80,2.2,08,AZ,temp
2004,77.8,0.0,08,AZ,temp
2005,77.5,-0.3,08,AZ,temp
2006,77.9,0.1,08,AZ,temp
2007,80.5,2.7,08,AZ,temp
2008,79.3,1.5,08,AZ,temp
2009,79.7,1.9,08,AZ,temp
2010,79,1.2,08,AZ,temp
2011,82.2,4.4,08,AZ,temp
2012,80.5,2.7,08,AZ,temp
2013,78.5,0.7,08,AZ,temp
2014,76.5,-1.3,08,AZ,temp
2015,80.7,2.9,08,AZ,temp
2000,74.9,2.9,09,AZ,temp
2001,75.7,3.7,09,AZ,temp
2002,73.6,1.6,09,AZ,temp
2003,74.8,2.8,09,AZ,temp
2004,71.8,-0.2,09,AZ,temp
2005,73.4,1.4,09,AZ,temp
2006,69.8,-2.2,09,AZ,temp
2007,73.8,1.8,09,AZ,temp
2008,73.6,1.6,09,AZ,temp
2009,74.1,2.1,09,AZ,temp
2010,75.4,3.4,09,AZ,temp
2011,74.6,2.6,09,AZ,temp
2012,73.7,1.7,09,AZ,temp
2013,72.4,0.4,09,AZ,temp
2014,74.2,2.2,09,AZ,temp
2015,75,3.0,09,AZ,temp
2000,60.2,-0.8,10,AZ,temp
2001,64.7,3.7,10,AZ,temp
2002,60,-1.0,10,AZ,temp
2003,67.3,6.3,10,AZ,temp
2004,60,-1.0,10,AZ,temp
2005,62.8,1.8,10,AZ,temp
2006,60.2,-0.8,10,AZ,temp
2007,62.4,1.4,10,AZ,temp
2008,62.9,1.9,10,AZ,temp
2009,59.4,-1.6,10,AZ,temp
2010,62.7,1.7,10,AZ,temp
2011,62.8,1.8,10,AZ,temp
2012,63.8,2.8,10,AZ,temp
2013,58.8,-2.2,10,AZ,temp
2014,64.9,3.9,10,AZ,temp
2015,64.5,3.5,10,AZ,temp
2000,43.8,-5.4,11,AZ,temp
2001,52.9,3.7,11,AZ,temp
2002,51.3,2.1,11,AZ,temp
2003,48.8,-0.4,11,AZ,temp
2004,47.3,-1.9,11,AZ,temp
2005,52.7,3.5,11,AZ,temp
2006,52.8,3.6,11,AZ,temp
2007,55.3,6.1,11,AZ,temp
2008,53.3,4.1,11,AZ,temp
2009,52.9,3.7,11,AZ,temp
2010,48.3,-0.9,11,AZ,temp
2011,49.4,0.2,11,AZ,temp
2012,53.8,4.6,11,AZ,temp
2013,51.3,2.1,11,AZ,temp
2014,51.7,2.5,11,AZ,temp
2015,48.3,-0.9,11,AZ,temp
2000,44.7,3.2,12,AZ,temp
2001,40.2,-1.3,12,AZ,temp
2002,41,-0.5,12,AZ,temp
2003,43,1.5,12,AZ,temp
2004,42.8,1.3,12,AZ,temp
2005,43.9,2.4,12,AZ,temp
2006,41.8,0.3,12,AZ,temp
2007,39.9,-1.6,12,AZ,temp
2008,42.4,0.9,12,AZ,temp
2009,39,-2.5,12,AZ,temp
2010,46.7,5.2,12,AZ,temp
2011,39.9,-1.6,12,AZ,temp
2012,42.4,0.9,12,AZ,temp
2013,41.5,0.0,12,AZ,temp
2014,44.3,2.8,12,AZ,temp
2015,41.1,-0.4,12,AZ,temp
2000,-.05,0.00,01,CA,drought
2001,-2.35,-2.30,01,CA,drought
2002,-1.69,-1.64,01,CA,drought
2003,.69,0.74,01,CA,drought
2004,.14,0.19,01,CA,drought
2005,2.33,2.38,01,CA,drought
2006,3.49,3.54,01,CA,drought
2007,-3.08,-3.03,01,CA,drought
2008,-2.35,-2.30,01,CA,drought
2009,-4.8,-4.75,01,CA,drought
2010,.67,0.72,01,CA,drought
2011,1.98,2.03,01,CA,drought
2012,-2.27,-2.22,01,CA,drought
2013,-.8,-0.75,01,CA,drought
2014,-5.88,-5.83,01,CA,drought
2015,-4.83,-4.78,01,CA,drought
2016,-2.33,-2.28,01,CA,drought
2000,1,1.08,02,CA,drought
2001,-2.06,-1.98,02,CA,drought
2002,-2.24,-2.16,02,CA,drought
2003,.37,0.45,02,CA,drought
2004,1.01,1.09,02,CA,drought
2005,2.28,2.36,02,CA,drought
2006,2.84,2.92,02,CA,drought
2007,-2.8,-2.72,02,CA,drought
2008,-2.33,-2.25,02,CA,drought
2009,-4.15,-4.07,02,CA,drought
2010,.66,0.74,02,CA,drought
2011,1.82,1.90,02,CA,drought
2012,-3.18,-3.10,02,CA,drought
2013,-1.66,-1.58,02,CA,drought
2014,-5.87,-5.79,02,CA,drought
2015,-4.86,-4.78,02,CA,drought
2016,-3.04,-2.96,02,CA,drought
2000,-.54,-0.50,03,CA,drought
2001,-2.36,-2.32,03,CA,drought
2002,-2.48,-2.44,03,CA,drought
2003,.1,0.14,03,CA,drought
2004,-1.19,-1.15,03,CA,drought
2005,2.21,2.25,03,CA,drought
2006,3.71,3.75,03,CA,drought
2007,-3.74,-3.70,03,CA,drought
2008,-3.18,-3.14,03,CA,drought
2009,-4.08,-4.04,03,CA,drought
2010,.22,0.26,03,CA,drought
2011,3.03,3.07,03,CA,drought
2012,-2.32,-2.28,03,CA,drought
2013,-2.43,-2.39,03,CA,drought
2014,-5.58,-5.54,03,CA,drought
2015,-5.69,-5.65,03,CA,drought
2016,-2.2,-2.16,03,CA,drought
2000,-.56,-0.49,04,CA,drought
2001,-1.99,-1.92,04,CA,drought
2002,-2.68,-2.61,04,CA,drought
2003,1.39,1.46,04,CA,drought
2004,-1.7,-1.63,04,CA,drought
2005,2.09,2.16,04,CA,drought
2006,4.61,4.68,04,CA,drought
2007,-3.66,-3.59,04,CA,drought
2008,-3.53,-3.46,04,CA,drought
2009,-4.2,-4.13,04,CA,drought
2010,1.22,1.29,04,CA,drought
2011,2.47,2.54,04,CA,drought
2012,-1.74,-1.67,04,CA,drought
2013,-2.83,-2.76,04,CA,drought
2014,-5.53,-5.46,04,CA,drought
2015,-5.54,-5.47,04,CA,drought
2000,-.42,-0.43,05,CA,drought
2001,-2.36,-2.37,05,CA,drought
2002,-2.58,-2.59,05,CA,drought
2003,1.53,1.52,05,CA,drought
2004,-2.15,-2.16,05,CA,drought
2005,3.17,3.16,05,CA,drought
2006,-.05,-0.06,05,CA,drought
2007,-3.89,-3.90,05,CA,drought
2008,-3.59,-3.60,05,CA,drought
2009,-3.67,-3.68,05,CA,drought
2010,1.5,1.49,05,CA,drought
2011,2.82,2.81,05,CA,drought
2012,-1.96,-1.97,05,CA,drought
2013,-2.98,-2.99,05,CA,drought
2014,-6.05,-6.06,05,CA,drought
2015,-5.12,-5.13,05,CA,drought
2000,-.44,-0.53,06,CA,drought
2001,-2.66,-2.75,06,CA,drought
2002,-2.76,-2.85,06,CA,drought
2003,1.53,1.44,06,CA,drought
2004,-2.8,-2.89,06,CA,drought
2005,3.83,3.74,06,CA,drought
2006,-.14,-0.23,06,CA,drought
2007,-4.28,-4.37,06,CA,drought
2008,-3.97,-4.06,06,CA,drought
2009,-3.39,-3.48,06,CA,drought
2010,1.93,1.84,06,CA,drought
2011,3.42,3.33,06,CA,drought
2012,-1.85,-1.94,06,CA,drought
2013,-3.28,-3.37,06,CA,drought
2014,-6.76,-6.85,06,CA,drought
2015,-5.15,-5.24,06,CA,drought
2000,-.8,-0.98,07,CA,drought
2001,-2.79,-2.97,07,CA,drought
2002,-3.07,-3.25,07,CA,drought
2003,-.19,-0.37,07,CA,drought
2004,-3.26,-3.44,07,CA,drought
2005,4.57,4.39,07,CA,drought
2006,-.68,-0.86,07,CA,drought
2007,-4.47,-4.65,07,CA,drought
2008,-4.22,-4.40,07,CA,drought
2009,-3.27,-3.45,07,CA,drought
2010,1.94,1.76,07,CA,drought
2011,3.84,3.66,07,CA,drought
2012,-1.74,-1.92,07,CA,drought
2013,-3.51,-3.69,07,CA,drought
2014,-7.01,-7.19,07,CA,drought
2015,-4.89,-5.07,07,CA,drought
2000,-.79,-0.93,08,CA,drought
2001,-2.89,-3.03,08,CA,drought
2002,-3.27,-3.41,08,CA,drought
2003,0,-0.14,08,CA,drought
2004,-3.23,-3.37,08,CA,drought
2005,4.07,3.93,08,CA,drought
2006,-1.1,-1.24,08,CA,drought
2007,-4.43,-4.57,08,CA,drought
2008,-4.2,-4.34,08,CA,drought
2009,-3.28,-3.42,08,CA,drought
2010,1.53,1.39,08,CA,drought
2011,3.5,3.36,08,CA,drought
2012,-1.58,-1.72,08,CA,drought
2013,-3.23,-3.37,08,CA,drought
2014,-6.35,-6.49,08,CA,drought
2015,-4.79,-4.93,08,CA,drought
2000,-.82,-0.99,09,CA,drought
2001,-2.82,-2.99,09,CA,drought
2002,-3.37,-3.54,09,CA,drought
2003,-.4,-0.57,09,CA,drought
2004,-3.26,-3.43,09,CA,drought
2005,3.55,3.38,09,CA,drought
2006,-1.44,-1.61,09,CA,drought
2007,-3.93,-4.10,09,CA,drought
2008,-4.29,-4.46,09,CA,drought
2009,-3.43,-3.60,09,CA,drought
2010,1.04,0.87,09,CA,drought
2011,-.21,-0.38,09,CA,drought
2012,-1.88,-2.05,09,CA,drought
2013,-2.6,-2.77,09,CA,drought
2014,-5.53,-5.70,09,CA,drought
2015,-4.53,-4.70,09,CA,drought
2000,-.1,-0.14,10,CA,drought
2001,-3.08,-3.12,10,CA,drought
2002,-3.77,-3.81,10,CA,drought
2003,-1.35,-1.39,10,CA,drought
2004,1.6,1.56,10,CA,drought
2005,3,2.96,10,CA,drought
2006,-1.78,-1.82,10,CA,drought
2007,-3.33,-3.37,10,CA,drought
2008,-4.29,-4.33,10,CA,drought
2009,-2.51,-2.55,10,CA,drought
2010,1.99,1.95,10,CA,drought
2011,-.09,-0.13,10,CA,drought
2012,-1.97,-2.01,10,CA,drought
2013,-2.93,-2.97,10,CA,drought
2014,-5.29,-5.33,10,CA,drought
2015,-4.53,-4.57,10,CA,drought
2000,-.76,-0.73,11,CA,drought
2001,-2.24,-2.21,11,CA,drought
2002,.09,0.12,11,CA,drought
2003,-1.28,-1.25,11,CA,drought
2004,1.26,1.29,11,CA,drought
2005,2.42,2.45,11,CA,drought
2006,-1.91,-1.88,11,CA,drought
2007,-3.88,-3.85,11,CA,drought
2008,-4.12,-4.09,11,CA,drought
2009,-2.99,-2.96,11,CA,drought
2010,1.84,1.87,11,CA,drought
2011,-.45,-0.42,11,CA,drought
2012,.24,0.27,11,CA,drought
2013,-3.4,-3.37,11,CA,drought
2014,-5.22,-5.19,11,CA,drought
2015,-4.35,-4.32,11,CA,drought
2000,-1.93,-1.78,12,CA,drought
2001,-1.41,-1.26,12,CA,drought
2002,1.6,1.75,12,CA,drought
2003,.66,0.81,12,CA,drought
2004,1.73,1.88,12,CA,drought
2005,3.46,3.61,12,CA,drought
2006,-2.02,-1.87,12,CA,drought
2007,-3.75,-3.60,12,CA,drought
2008,-3.99,-3.84,12,CA,drought
2009,-2.99,-2.84,12,CA,drought
2010,3.14,3.29,12,CA,drought
2011,-1.63,-1.48,12,CA,drought
2012,1.08,1.23,12,CA,drought
2013,-4.37,-4.22,12,CA,drought
2014,-3.97,-3.82,12,CA,drought
2015,-3.62,-3.47,12,CA,drought
2000,5.09,0.84,01,CA,precip
2001,3.52,-0.73,01,CA,precip
2002,2.22,-2.03,01,CA,precip
2003,1.92,-2.33,01,CA,precip
2004,2.27,-1.98,01,CA,precip
2005,5.56,1.31,01,CA,precip
2006,4.54,0.29,01,CA,precip
2007,.81,-3.44,01,CA,precip
2008,7.11,2.86,01,CA,precip
2009,1.27,-2.98,01,CA,precip
2010,6.48,2.23,01,CA,precip
2011,1.28,-2.97,01,CA,precip
2012,3.12,-1.13,01,CA,precip
2013,1.19,-3.06,01,CA,precip
2014,.54,-3.71,01,CA,precip
2015,.65,-3.60,01,CA,precip
2016,6.4,2.15,01,CA,precip
2000,6.93,3.08,02,CA,precip
2001,4.42,0.57,02,CA,precip
2002,1.45,-2.40,02,CA,precip
2003,2.66,-1.19,02,CA,precip
2004,5.88,2.03,02,CA,precip
2005,4.03,0.18,02,CA,precip
2006,2.69,-1.16,02,CA,precip
2007,4.24,0.39,02,CA,precip
2008,2.76,-1.09,02,CA,precip
2009,4.64,0.79,02,CA,precip
2010,3.65,-0.20,02,CA,precip
2011,3.34,-0.51,02,CA,precip
2012,1.22,-2.63,02,CA,precip
2013,.58,-3.27,02,CA,precip
2014,4.02,0.17,02,CA,precip
2015,2.85,-1.00,02,CA,precip
2016,1.14,-2.71,02,CA,precip
2000,1.92,-1.29,03,CA,precip
2001,2.21,-1.00,03,CA,precip
2002,1.91,-1.30,03,CA,precip
2003,2.77,-0.44,03,CA,precip
2004,1.08,-2.13,03,CA,precip
2005,3.69,0.48,03,CA,precip
2006,5.41,2.20,03,CA,precip
2007,.74,-2.47,03,CA,precip
2008,.61,-2.60,03,CA,precip
2009,2.26,-0.95,03,CA,precip
2010,2.19,-1.02,03,CA,precip
2011,6.41,3.20,03,CA,precip
2012,4.74,1.53,03,CA,precip
2013,1.33,-1.88,03,CA,precip
2014,3.28,0.07,03,CA,precip
2015,.78,-2.43,03,CA,precip
2016,4.71,1.50,03,CA,precip
2000,1.8,0.17,04,CA,precip
2001,1.75,0.12,04,CA,precip
2002,.88,-0.75,04,CA,precip
2003,3.98,2.35,04,CA,precip
2004,.7,-0.93,04,CA,precip
2005,1.79,0.16,04,CA,precip
2006,4.16,2.53,04,CA,precip
2007,1.27,-0.36,04,CA,precip
2008,.34,-1.29,04,CA,precip
2009,.57,-1.06,04,CA,precip
2010,3.47,1.84,04,CA,precip
2011,1.1,-0.53,04,CA,precip
2012,2.48,0.85,04,CA,precip
2013,.71,-0.92,04,CA,precip
2014,1.06,-0.57,04,CA,precip
2015,1.06,-0.57,04,CA,precip
2000,.94,0.06,05,CA,precip
2001,.15,-0.73,05,CA,precip
2002,.59,-0.29,05,CA,precip
2003,1.09,0.21,05,CA,precip
2004,.45,-0.43,05,CA,precip
2005,2.54,1.66,05,CA,precip
2006,.73,-0.15,05,CA,precip
2007,.32,-0.56,05,CA,precip
2008,.54,-0.34,05,CA,precip
2009,1.24,0.36,05,CA,precip
2010,1.07,0.19,05,CA,precip
2011,1.44,0.56,05,CA,precip
2012,.2,-0.68,05,CA,precip
2013,.62,-0.26,05,CA,precip
2014,.35,-0.53,05,CA,precip
2015,.93,0.05,05,CA,precip
2000,.31,-0.04,06,CA,precip
2001,.23,-0.12,06,CA,precip
2002,.07,-0.28,06,CA,precip
2003,.04,-0.31,06,CA,precip
2004,.08,-0.27,06,CA,precip
2005,.67,0.32,06,CA,precip
2006,.15,-0.20,06,CA,precip
2007,.12,-0.23,06,CA,precip
2008,.03,-0.32,06,CA,precip
2009,.6,0.25,06,CA,precip
2010,.26,-0.09,06,CA,precip
2011,.92,0.57,06,CA,precip
2012,.32,-0.03,06,CA,precip
2013,.38,0.03,06,CA,precip
2014,.06,-0.29,06,CA,precip
2015,.23,-0.12,06,CA,precip
2000,.06,-0.12,07,CA,precip
2001,.28,0.10,07,CA,precip
2002,.06,-0.12,07,CA,precip
2003,.22,0.04,07,CA,precip
2004,.06,-0.12,07,CA,precip
2005,.14,-0.04,07,CA,precip
2006,.15,-0.03,07,CA,precip
2007,.18,0.00,07,CA,precip
2008,.14,-0.04,07,CA,precip
2009,.05,-0.13,07,CA,precip
2010,.07,-0.11,07,CA,precip
2011,.22,0.04,07,CA,precip
2012,.26,0.08,07,CA,precip
2013,.28,0.10,07,CA,precip
2014,.22,0.04,07,CA,precip
2015,.65,0.47,07,CA,precip
2000,.27,0.03,08,CA,precip
2001,.05,-0.19,08,CA,precip
2002,.01,-0.23,08,CA,precip
2003,.57,0.33,08,CA,precip
2004,.19,-0.05,08,CA,precip
2005,.29,0.05,08,CA,precip
2006,.06,-0.18,08,CA,precip
2007,.12,-0.12,08,CA,precip
2008,.12,-0.12,08,CA,precip
2009,.12,-0.12,08,CA,precip
2010,.1,-0.14,08,CA,precip
2011,.1,-0.14,08,CA,precip
2012,.3,0.06,08,CA,precip
2013,.38,0.14,08,CA,precip
2014,.45,0.21,08,CA,precip
2015,.08,-0.16,08,CA,precip
2000,.35,-0.10,09,CA,precip
2001,.3,-0.15,09,CA,precip
2002,.11,-0.34,09,CA,precip
2003,.17,-0.28,09,CA,precip
2004,.14,-0.31,09,CA,precip
2005,.32,-0.13,09,CA,precip
2006,.06,-0.39,09,CA,precip
2007,.5,0.05,09,CA,precip
2008,.04,-0.41,09,CA,precip
2009,.09,-0.36,09,CA,precip
2010,.16,-0.29,09,CA,precip
2011,.28,-0.17,09,CA,precip
2012,.1,-0.35,09,CA,precip
2013,.77,0.32,09,CA,precip
2014,.72,0.27,09,CA,precip
2015,.32,-0.13,09,CA,precip
2000,2.2,1.00,10,CA,precip
2001,.65,-0.55,10,CA,precip
2002,.06,-1.14,10,CA,precip
2003,.09,-1.11,10,CA,precip
2004,3.72,2.52,10,CA,precip
2005,1,-0.20,10,CA,precip
2006,.45,-0.75,10,CA,precip
2007,1.51,0.31,10,CA,precip
2008,.7,-0.50,10,CA,precip
2009,2.07,0.87,10,CA,precip
2010,3,1.80,10,CA,precip
2011,1.54,0.34,10,CA,precip
2012,.99,-0.21,10,CA,precip
2013,.26,-0.94,10,CA,precip
2014,1.06,-0.14,10,CA,precip
2015,.89,-0.31,10,CA,precip
2000,.79,-1.74,11,CA,precip
2001,4.21,1.68,11,CA,precip
2002,3.18,0.65,11,CA,precip
2003,2.35,-0.18,11,CA,precip
2004,1.68,-0.85,11,CA,precip
2005,2.26,-0.27,11,CA,precip
2006,2.08,-0.45,11,CA,precip
2007,.82,-1.71,11,CA,precip
2008,2.41,-0.12,11,CA,precip
2009,.99,-1.54,11,CA,precip
2010,2.6,0.07,11,CA,precip
2011,1.69,-0.84,11,CA,precip
2012,3.57,1.04,11,CA,precip
2013,.99,-1.54,11,CA,precip
2014,1.84,-0.69,11,CA,precip
2015,1.88,-0.65,11,CA,precip
2000,.77,-2.84,12,CA,precip
2001,5.25,1.64,12,CA,precip
2002,8.14,4.53,12,CA,precip
2003,5.77,2.16,12,CA,precip
2004,5.51,1.90,12,CA,precip
2005,7.81,4.20,12,CA,precip
2006,3.13,-0.48,12,CA,precip
2007,3.21,-0.40,12,CA,precip
2008,3.05,-0.56,12,CA,precip
2009,3.15,-0.46,12,CA,precip
2010,8.13,4.52,12,CA,precip
2011,.47,-3.14,12,CA,precip
2012,6.15,2.54,12,CA,precip
2013,.44,-3.17,12,CA,precip
2014,6.3,2.69,12,CA,precip
2015,4.69,1.08,12,CA,precip
2000,45.8,3.5,01,CA,temp
2001,42.3,0.0,01,CA,temp
2002,42.4,0.1,01,CA,temp
2003,50,7.7,01,CA,temp
2004,43.5,1.2,01,CA,temp
2005,44.1,1.8,01,CA,temp
2006,44.6,2.3,01,CA,temp
2007,41.5,-0.8,01,CA,temp
2008,41.1,-1.2,01,CA,temp
2009,46.9,4.6,01,CA,temp
2010,45.2,2.9,01,CA,temp
2011,45.2,2.9,01,CA,temp
2012,46.5,4.2,01,CA,temp
2013,42.1,-0.2,01,CA,temp
2014,50.1,7.8,01,CA,temp
2015,48.6,6.3,01,CA,temp
2016,44.6,2.3,01,CA,temp
2000,47.2,1.9,02,CA,temp
2001,43.1,-2.2,02,CA,temp
2002,48.2,2.9,02,CA,temp
2003,45.7,0.4,02,CA,temp
2004,44.2,-1.1,02,CA,temp
2005,47.1,1.8,02,CA,temp
2006,47.7,2.4,02,CA,temp
2007,46.7,1.4,02,CA,temp
2008,45.8,0.5,02,CA,temp
2009,45.3,0.0,02,CA,temp
2010,46.8,1.5,02,CA,temp
2011,43.5,-1.8,02,CA,temp
2012,46.5,1.2,02,CA,temp
2013,45.3,0.0,02,CA,temp
2014,49.8,4.5,02,CA,temp
2015,53.3,8.0,02,CA,temp
2016,51.8,6.5,02,CA,temp
2000,50.2,1.4,03,CA,temp
2001,52.6,3.8,03,CA,temp
2002,48.5,-0.3,03,CA,temp
2003,51.4,2.6,03,CA,temp
2004,56.9,8.1,03,CA,temp
2005,51.1,2.3,03,CA,temp
2006,44,-4.8,03,CA,temp
2007,54.5,5.7,03,CA,temp
2008,50.3,1.5,03,CA,temp
2009,49.2,0.4,03,CA,temp
2010,49,0.2,03,CA,temp
2011,48.7,-0.1,03,CA,temp
2012,48.8,0.0,03,CA,temp
2013,53.8,5.0,03,CA,temp
2014,53.5,4.7,03,CA,temp
2015,57,8.2,03,CA,temp
2016,52.5,3.7,03,CA,temp
2000,57.8,3.8,04,CA,temp
2001,52,-2.0,04,CA,temp
2002,56,2.0,04,CA,temp
2003,50.1,-3.9,04,CA,temp
2004,57.3,3.3,04,CA,temp
2005,53,-1.0,04,CA,temp
2006,53,-1.0,04,CA,temp
2007,56.3,2.3,04,CA,temp
2008,54.4,0.4,04,CA,temp
2009,54.3,0.3,04,CA,temp
2010,50.9,-3.1,04,CA,temp
2011,53.4,-0.6,04,CA,temp
2012,55.8,1.8,04,CA,temp
2013,58.2,4.2,04,CA,temp
2014,57.7,3.7,04,CA,temp
2015,56.7,2.7,04,CA,temp
2000,63.9,3.2,05,CA,temp
2001,68.6,7.9,05,CA,temp
2002,61.5,0.8,05,CA,temp
2003,62,1.3,05,CA,temp
2004,63.2,2.5,05,CA,temp
2005,62.2,1.5,05,CA,temp
2006,64.6,3.9,05,CA,temp
2007,64.1,3.4,05,CA,temp
2008,61.7,1.0,05,CA,temp
2009,66.7,6.0,05,CA,temp
2010,56.9,-3.8,05,CA,temp
2011,57.6,-3.1,05,CA,temp
2012,63.9,3.2,05,CA,temp
2013,63.8,3.1,05,CA,temp
2014,64.6,3.9,05,CA,temp
2015,60.9,0.2,05,CA,temp
2000,72.2,3.9,06,CA,temp
2001,71.4,3.1,06,CA,temp
2002,71.2,2.9,06,CA,temp
2003,71.2,2.9,06,CA,temp
2004,70.4,2.1,06,CA,temp
2005,66.3,-2.0,06,CA,temp
2006,73.2,4.9,06,CA,temp
2007,70.5,2.2,06,CA,temp
2008,71.1,2.8,06,CA,temp
2009,67.5,-0.8,06,CA,temp
2010,69.1,0.8,06,CA,temp
2011,66.9,-1.4,06,CA,temp
2012,69.3,1.0,06,CA,temp
2013,72.4,4.1,06,CA,temp
2014,71.9,3.6,06,CA,temp
2015,74.4,6.1,06,CA,temp
2000,73.5,-1.2,07,CA,temp
2001,74.2,-0.5,07,CA,temp
2002,77.4,2.7,07,CA,temp
2003,78.7,4.0,07,CA,temp
2004,76.1,1.4,07,CA,temp
2005,78.4,3.7,07,CA,temp
2006,79.3,4.6,07,CA,temp
2007,76.9,2.2,07,CA,temp
2008,76.5,1.8,07,CA,temp
2009,77.6,2.9,07,CA,temp
2010,76.1,1.4,07,CA,temp
2011,74.2,-0.5,07,CA,temp
2012,74.7,0.0,07,CA,temp
2013,78,3.3,07,CA,temp
2014,78.4,3.7,07,CA,temp
2015,75.2,0.5,07,CA,temp
2000,75,1.3,08,CA,temp
2001,76,2.3,08,CA,temp
2002,74.4,0.7,08,CA,temp
2003,75,1.3,08,CA,temp
2004,74.8,1.1,08,CA,temp
2005,75.8,2.1,08,CA,temp
2006,73.8,0.1,08,CA,temp
2007,76.1,2.4,08,CA,temp
2008,76.6,2.9,08,CA,temp
2009,74.8,1.1,08,CA,temp
2010,73.4,-0.3,08,CA,temp
2011,75.2,1.5,08,CA,temp
2012,77.8,4.1,08,CA,temp
2013,74.4,0.7,08,CA,temp
2014,74.9,1.2,08,CA,temp
2015,76.6,2.9,08,CA,temp
2000,69.1,0.6,09,CA,temp
2001,71.2,2.7,09,CA,temp
2002,70.9,2.4,09,CA,temp
2003,72.9,4.4,09,CA,temp
2004,69.4,0.9,09,CA,temp
2005,66.9,-1.6,09,CA,temp
2006,69.5,1.0,09,CA,temp
2007,67.5,-1.0,09,CA,temp
2008,71.8,3.3,09,CA,temp
2009,73,4.5,09,CA,temp
2010,70.4,1.9,09,CA,temp
2011,72.3,3.8,09,CA,temp
2012,73.1,4.6,09,CA,temp
2013,69.3,0.8,09,CA,temp
2014,72.2,3.7,09,CA,temp
2015,72.3,3.8,09,CA,temp
2000,58.4,-1.1,10,CA,temp
2001,63.6,4.1,10,CA,temp
2002,59.4,-0.1,10,CA,temp
2003,65.4,5.9,10,CA,temp
2004,58.2,-1.3,10,CA,temp
2005,59.9,0.4,10,CA,temp
2006,58.8,-0.7,10,CA,temp
2007,58.6,-0.9,10,CA,temp
2008,61.8,2.3,10,CA,temp
2009,58.1,-1.4,10,CA,temp
2010,60.5,1.0,10,CA,temp
2011,61.4,1.9,10,CA,temp
2012,62.2,2.7,10,CA,temp
2013,58.5,-1.0,10,CA,temp
2014,64.4,4.9,10,CA,temp
2015,65.1,5.6,10,CA,temp
2000,46,-3.5,11,CA,temp
2001,51.6,2.1,11,CA,temp
2002,52.3,2.8,11,CA,temp
2003,46.8,-2.7,11,CA,temp
2004,47.7,-1.8,11,CA,temp
2005,52.4,2.9,11,CA,temp
2006,51.3,1.8,11,CA,temp
2007,53.3,3.8,11,CA,temp
2008,53.9,4.4,11,CA,temp
2009,50.9,1.4,11,CA,temp
2010,48.6,-0.9,11,CA,temp
2011,48.2,-1.3,11,CA,temp
2012,52.5,3.0,11,CA,temp
2013,51.9,2.4,11,CA,temp
2014,53.1,3.6,11,CA,temp
2015,47.7,-1.8,11,CA,temp
2000,46.5,3.4,12,CA,temp
2001,42.8,-0.3,12,CA,temp
2002,44,0.9,12,CA,temp
2003,44,0.9,12,CA,temp
2004,44.6,1.5,12,CA,temp
2005,46.1,3.0,12,CA,temp
2006,43.9,0.8,12,CA,temp
2007,41.2,-1.9,12,CA,temp
2008,42,-1.1,12,CA,temp
2009,41.8,-1.3,12,CA,temp
2010,45.8,2.7,12,CA,temp
2011,42.8,-0.3,12,CA,temp
2012,43,-0.1,12,CA,temp
2013,44.1,1.0,12,CA,temp
2014,46.8,3.7,12,CA,temp
2015,42.4,-0.7,12,CA,temp
2000,-1.61,-2.00,01,CO,drought
2001,-2.58,-2.97,01,CO,drought
2002,-3.57,-3.96,01,CO,drought
2003,-6.28,-6.67,01,CO,drought
2004,-4.04,-4.43,01,CO,drought
2005,1.65,1.26,01,CO,drought
2006,-.58,-0.97,01,CO,drought
2007,1.89,1.50,01,CO,drought
2008,1.42,1.03,01,CO,drought
2009,-.3,-0.69,01,CO,drought
2010,1.25,0.86,01,CO,drought
2011,-.56,-0.95,01,CO,drought
2012,-.95,-1.34,01,CO,drought
2013,-6.23,-6.62,01,CO,drought
2014,1.34,0.95,01,CO,drought
2015,-.29,-0.68,01,CO,drought
2016,2.12,1.73,01,CO,drought
2000,-1.69,-2.10,02,CO,drought
2001,-2.55,-2.96,02,CO,drought
2002,-4.23,-4.64,02,CO,drought
2003,-5.83,-6.24,02,CO,drought
2004,-3.72,-4.13,02,CO,drought
2005,1.79,1.38,02,CO,drought
2006,-1.18,-1.59,02,CO,drought
2007,1.83,1.42,02,CO,drought
2008,1.8,1.39,02,CO,drought
2009,-.61,-1.02,02,CO,drought
2010,1.38,0.97,02,CO,drought
2011,-.52,-0.93,02,CO,drought
2012,-.89,-1.30,02,CO,drought
2013,-6.35,-6.76,02,CO,drought
2014,1.31,0.90,02,CO,drought
2015,-.06,-0.47,02,CO,drought
2016,1.84,1.43,02,CO,drought
2000,-1.12,-1.50,03,CO,drought
2001,-2.74,-3.12,03,CO,drought
2002,-4.75,-5.13,03,CO,drought
2003,-5.31,-5.69,03,CO,drought
2004,-4.74,-5.12,03,CO,drought
2005,1.79,1.41,03,CO,drought
2006,-1.3,-1.68,03,CO,drought
2007,-.55,-0.93,03,CO,drought
2008,.01,-0.37,03,CO,drought
2009,-1.16,-1.54,03,CO,drought
2010,1.53,1.15,03,CO,drought
2011,-1.01,-1.39,03,CO,drought
2012,-2.31,-2.69,03,CO,drought
2013,-6.67,-7.05,03,CO,drought
2014,.84,0.46,03,CO,drought
2015,-.92,-1.30,03,CO,drought
2016,1.38,1.00,03,CO,drought
2000,-1.51,-1.89,04,CO,drought
2001,-2.86,-3.24,04,CO,drought
2002,-5.75,-6.13,04,CO,drought
2003,-5.15,-5.53,04,CO,drought
2004,-3.65,-4.03,04,CO,drought
2005,1.81,1.43,04,CO,drought
2006,-2.16,-2.54,04,CO,drought
2007,-.29,-0.67,04,CO,drought
2008,-.19,-0.57,04,CO,drought
2009,.4,0.02,04,CO,drought
2010,1.69,1.31,04,CO,drought
2011,.18,-0.20,04,CO,drought
2012,-3.04,-3.42,04,CO,drought
2013,-6.09,-6.47,04,CO,drought
2014,.44,0.06,04,CO,drought
2015,-.97,-1.35,04,CO,drought
2000,-2.22,-2.58,05,CO,drought
2001,-2.29,-2.65,05,CO,drought
2002,-6.79,-7.15,05,CO,drought
2003,-5.01,-5.37,05,CO,drought
2004,-4.48,-4.84,05,CO,drought
2005,1.24,0.88,05,CO,drought
2006,-3.2,-3.56,05,CO,drought
2007,-.22,-0.58,05,CO,drought
2008,-.36,-0.72,05,CO,drought
2009,.18,-0.18,05,CO,drought
2010,1.23,0.87,05,CO,drought
2011,.8,0.44,05,CO,drought
2012,-4.15,-4.51,05,CO,drought
2013,-6.03,-6.39,05,CO,drought
2014,.47,0.11,05,CO,drought
2015,2.56,2.20,05,CO,drought
2000,-2.61,-2.88,06,CO,drought
2001,-2.68,-2.95,06,CO,drought
2002,-7.85,-8.12,06,CO,drought
2003,-4.22,-4.49,06,CO,drought
2004,.04,-0.23,06,CO,drought
2005,1.74,1.47,06,CO,drought
2006,-4.17,-4.44,06,CO,drought
2007,-.32,-0.59,06,CO,drought
2008,-.55,-0.82,06,CO,drought
2009,1.12,0.85,06,CO,drought
2010,1.06,0.79,06,CO,drought
2011,.45,0.18,06,CO,drought
2012,-5.67,-5.94,06,CO,drought
2013,-6.71,-6.98,06,CO,drought
2014,.18,-0.09,06,CO,drought
2015,2.71,2.44,06,CO,drought
2000,-3.13,-3.58,07,CO,drought
2001,-2.47,-2.92,07,CO,drought
2002,-9.01,-9.46,07,CO,drought
2003,-4.87,-5.32,07,CO,drought
2004,.18,-0.27,07,CO,drought
2005,-.63,-1.08,07,CO,drought
2006,-.04,-0.49,07,CO,drought
2007,-.39,-0.84,07,CO,drought
2008,-1.05,-1.50,07,CO,drought
2009,1.63,1.18,07,CO,drought
2010,1.19,0.74,07,CO,drought
2011,.85,0.40,07,CO,drought
2012,-5.99,-6.44,07,CO,drought
2013,-6.4,-6.85,07,CO,drought
2014,.65,0.20,07,CO,drought
2015,3.1,2.65,07,CO,drought
2000,-3.22,-3.71,08,CO,drought
2001,-2.4,-2.89,08,CO,drought
2002,-9.09,-9.58,08,CO,drought
2003,-4.89,-5.38,08,CO,drought
2004,.16,-0.33,08,CO,drought
2005,-.41,-0.90,08,CO,drought
2006,.3,-0.19,08,CO,drought
2007,.19,-0.30,08,CO,drought
2008,.89,0.40,08,CO,drought
2009,1.11,0.62,08,CO,drought
2010,1.37,0.88,08,CO,drought
2011,-.38,-0.87,08,CO,drought
2012,-6.75,-7.24,08,CO,drought
2013,-5.9,-6.39,08,CO,drought
2014,1.24,0.75,08,CO,drought
2015,2.77,2.28,08,CO,drought
2000,-3.15,-3.65,09,CO,drought
2001,-2.64,-3.14,09,CO,drought
2002,-7.85,-8.35,09,CO,drought
2003,-4.44,-4.94,09,CO,drought
2004,.75,0.25,09,CO,drought
2005,-.56,-1.06,09,CO,drought
2006,1,0.50,09,CO,drought
2007,.38,-0.12,09,CO,drought
2008,-.24,-0.74,09,CO,drought
2009,1.1,0.60,09,CO,drought
2010,-.7,-1.20,09,CO,drought
2011,-.5,-1.00,09,CO,drought
2012,-6.46,-6.96,09,CO,drought
2013,1.74,1.24,09,CO,drought
2014,1.63,1.13,09,CO,drought
2015,1.82,1.32,09,CO,drought
2000,-2.54,-3.02,10,CO,drought
2001,-2.94,-3.42,10,CO,drought
2002,-6.66,-7.14,10,CO,drought
2003,-4.98,-5.46,10,CO,drought
2004,.83,0.35,10,CO,drought
2005,.7,0.22,10,CO,drought
2006,2.16,1.68,10,CO,drought
2007,-.2,-0.68,10,CO,drought
2008,-.28,-0.76,10,CO,drought
2009,1.94,1.46,10,CO,drought
2010,-.67,-1.15,10,CO,drought
2011,-.19,-0.67,10,CO,drought
2012,-6.28,-6.76,10,CO,drought
2013,1.99,1.51,10,CO,drought
2014,-.28,-0.76,10,CO,drought
2015,1.8,1.32,10,CO,drought
2000,-2.42,-2.88,11,CO,drought
2001,-2.9,-3.36,11,CO,drought
2002,-6.12,-6.58,11,CO,drought
2003,-4.29,-4.75,11,CO,drought
2004,1.27,0.81,11,CO,drought
2005,-.35,-0.81,11,CO,drought
2006,1.67,1.21,11,CO,drought
2007,-1.09,-1.55,11,CO,drought
2008,-.73,-1.19,11,CO,drought
2009,1.28,0.82,11,CO,drought
2010,-.73,-1.19,11,CO,drought
2011,-.32,-0.78,11,CO,drought
2012,-6.73,-7.19,11,CO,drought
2013,1.82,1.36,11,CO,drought
2014,.09,-0.37,11,CO,drought
2015,2.07,1.61,11,CO,drought
2000,-2.55,-2.94,12,CO,drought
2001,-3.19,-3.58,12,CO,drought
2002,-6.05,-6.44,12,CO,drought
2003,-4.12,-4.51,12,CO,drought
2004,.95,0.56,12,CO,drought
2005,-.45,-0.84,12,CO,drought
2006,1.95,1.56,12,CO,drought
2007,1.04,0.65,12,CO,drought
2008,-.2,-0.59,12,CO,drought
2009,1.41,1.02,12,CO,drought
2010,-.28,-0.67,12,CO,drought
2011,-.53,-0.92,12,CO,drought
2012,-6.27,-6.66,12,CO,drought
2013,1.43,1.04,12,CO,drought
2014,.29,-0.10,12,CO,drought
2015,2.25,1.86,12,CO,drought
2000,1.25,0.19,01,CO,precip
2001,1.02,-0.04,01,CO,precip
2002,.64,-0.42,01,CO,precip
2003,.44,-0.62,01,CO,precip
2004,.9,-0.16,01,CO,precip
2005,1.97,0.91,01,CO,precip
2006,.97,-0.09,01,CO,precip
2007,1,-0.06,01,CO,precip
2008,1.6,0.54,01,CO,precip
2009,.98,-0.08,01,CO,precip
2010,.88,-0.18,01,CO,precip
2011,.71,-0.35,01,CO,precip
2012,.69,-0.37,01,CO,precip
2013,.91,-0.15,01,CO,precip
2014,1.18,0.12,01,CO,precip
2015,.65,-0.41,01,CO,precip
2016,1.02,-0.04,01,CO,precip
2000,1.19,0.10,02,CO,precip
2001,1.14,0.05,02,CO,precip
2002,.48,-0.61,02,CO,precip
2003,1.49,0.40,02,CO,precip
2004,1.27,0.18,02,CO,precip
2005,1.06,-0.03,02,CO,precip
2006,.46,-0.63,02,CO,precip
2007,.96,-0.13,02,CO,precip
2008,1.44,0.35,02,CO,precip
2009,.78,-0.31,02,CO,precip
2010,1.21,0.12,02,CO,precip
2011,1.17,0.08,02,CO,precip
2012,1.36,0.27,02,CO,precip
2013,.89,-0.20,02,CO,precip
2014,1.18,0.09,02,CO,precip
2015,1.35,0.26,02,CO,precip
2016,.83,-0.26,02,CO,precip
2000,2.55,1.03,03,CO,precip
2001,1.42,-0.10,03,CO,precip
2002,.87,-0.65,03,CO,precip
2003,2.19,0.67,03,CO,precip
2004,.61,-0.91,03,CO,precip
2005,1.4,-0.12,03,CO,precip
2006,1.62,0.10,03,CO,precip
2007,1.09,-0.43,03,CO,precip
2008,1.01,-0.51,03,CO,precip
2009,1.13,-0.39,03,CO,precip
2010,1.74,0.22,03,CO,precip
2011,1.16,-0.36,03,CO,precip
2012,.45,-1.07,03,CO,precip
2013,1.07,-0.45,03,CO,precip
2014,1.15,-0.37,03,CO,precip
2015,.86,-0.66,03,CO,precip
2016,1.24,-0.28,03,CO,precip
2000,1.32,-0.52,04,CO,precip
2001,1.65,-0.19,04,CO,precip
2002,.57,-1.27,04,CO,precip
2003,1.57,-0.27,04,CO,precip
2004,3.15,1.31,04,CO,precip
2005,1.97,0.13,04,CO,precip
2006,.91,-0.93,04,CO,precip
2007,2.08,0.24,04,CO,precip
2008,1.14,-0.70,04,CO,precip
2009,2.36,0.52,04,CO,precip
2010,2.13,0.29,04,CO,precip
2011,2.1,0.26,04,CO,precip
2012,1.38,-0.46,04,CO,precip
2013,1.67,-0.17,04,CO,precip
2014,1.35,-0.49,04,CO,precip
2015,1.88,0.04,04,CO,precip
2000,1.2,-0.82,05,CO,precip
2001,2.69,0.67,05,CO,precip
2002,.57,-1.45,05,CO,precip
2003,1.75,-0.27,05,CO,precip
2004,.7,-1.32,05,CO,precip
2005,1.49,-0.53,05,CO,precip
2006,.91,-1.11,05,CO,precip
2007,2.09,0.07,05,CO,precip
2008,1.55,-0.47,05,CO,precip
2009,1.94,-0.08,05,CO,precip
2010,1.34,-0.68,05,CO,precip
2011,2.57,0.55,05,CO,precip
2012,.91,-1.11,05,CO,precip
2013,1.55,-0.47,05,CO,precip
2014,2.15,0.13,05,CO,precip
2015,5.3,3.28,05,CO,precip
2000,1,-0.54,06,CO,precip
2001,.94,-0.60,06,CO,precip
2002,.87,-0.67,06,CO,precip
2003,2.07,0.53,06,CO,precip
2004,1.99,0.45,06,CO,precip
2005,2.2,0.66,06,CO,precip
2006,.81,-0.73,06,CO,precip
2007,1.17,-0.37,06,CO,precip
2008,.98,-0.56,06,CO,precip
2009,2.64,1.10,06,CO,precip
2010,1.35,-0.19,06,CO,precip
2011,.94,-0.60,06,CO,precip
2012,.42,-1.12,06,CO,precip
2013,.66,-0.88,06,CO,precip
2014,1.19,-0.35,06,CO,precip
2015,1.91,0.37,06,CO,precip
2000,1.63,-0.47,07,CO,precip
2001,2.44,0.34,07,CO,precip
2002,1.02,-1.08,07,CO,precip
2003,1.02,-1.08,07,CO,precip
2004,2.36,0.26,07,CO,precip
2005,1.05,-1.05,07,CO,precip
2006,3,0.90,07,CO,precip
2007,2,-0.10,07,CO,precip
2008,1.48,-0.62,07,CO,precip
2009,2.31,0.21,07,CO,precip
2010,2.46,0.36,07,CO,precip
2011,2.54,0.44,07,CO,precip
2012,2.27,0.17,07,CO,precip
2013,2.44,0.34,07,CO,precip
2014,2.76,0.66,07,CO,precip
2015,2.37,0.27,07,CO,precip
2000,2.01,-0.02,08,CO,precip
2001,1.97,-0.06,08,CO,precip
2002,1.49,-0.54,08,CO,precip
2003,1.85,-0.18,08,CO,precip
2004,1.85,-0.18,08,CO,precip
2005,2.23,0.20,08,CO,precip
2006,2.66,0.63,08,CO,precip
2007,2.41,0.38,08,CO,precip
2008,3.14,1.11,08,CO,precip
2009,1.18,-0.85,08,CO,precip
2010,2.34,0.31,08,CO,precip
2011,1.6,-0.43,08,CO,precip
2012,1.07,-0.96,08,CO,precip
2013,2.24,0.21,08,CO,precip
2014,2.59,0.56,08,CO,precip
2015,1.67,-0.36,08,CO,precip
2000,1.35,-0.08,09,CO,precip
2001,1.04,-0.39,09,CO,precip
2002,2.1,0.67,09,CO,precip
2003,1.44,0.01,09,CO,precip
2004,2.17,0.74,09,CO,precip
2005,1.35,-0.08,09,CO,precip
2006,2.19,0.76,09,CO,precip
2007,1.8,0.37,09,CO,precip
2008,1.1,-0.33,09,CO,precip
2009,1.46,0.03,09,CO,precip
2010,.73,-0.70,09,CO,precip
2011,1.27,-0.16,09,CO,precip
2012,1.29,-0.14,09,CO,precip
2013,3.88,2.45,09,CO,precip
2014,2.08,0.65,09,CO,precip
2015,.76,-0.67,09,CO,precip
2000,1.76,0.41,10,CO,precip
2001,.65,-0.70,10,CO,precip
2002,1.62,0.27,10,CO,precip
2003,.37,-0.98,10,CO,precip
2004,1.47,0.12,10,CO,precip
2005,2.33,0.98,10,CO,precip
2006,2.83,1.48,10,CO,precip
2007,1.13,-0.22,10,CO,precip
2008,1.27,-0.08,10,CO,precip
2009,2.1,0.75,10,CO,precip
2010,1.41,0.06,10,CO,precip
2011,1.66,0.31,10,CO,precip
2012,.72,-0.63,10,CO,precip
2013,1.51,0.16,10,CO,precip
2014,1.08,-0.27,10,CO,precip
2015,1.82,0.47,10,CO,precip
2000,.83,-0.24,11,CO,precip
2001,1.2,0.13,11,CO,precip
2002,.98,-0.09,11,CO,precip
2003,1.34,0.27,11,CO,precip
2004,1.69,0.62,11,CO,precip
2005,.89,-0.18,11,CO,precip
2006,.8,-0.27,11,CO,precip
2007,.4,-0.67,11,CO,precip
2008,.92,-0.15,11,CO,precip
2009,.61,-0.46,11,CO,precip
2010,.95,-0.12,11,CO,precip
2011,.99,-0.08,11,CO,precip
2012,.44,-0.63,11,CO,precip
2013,1.15,0.08,11,CO,precip
2014,1.12,0.05,11,CO,precip
2015,1.69,0.62,11,CO,precip
2000,.82,-0.26,12,CO,precip
2001,.65,-0.43,12,CO,precip
2002,.64,-0.44,12,CO,precip
2003,.91,-0.17,12,CO,precip
2004,.77,-0.31,12,CO,precip
2005,1.01,-0.07,12,CO,precip
2006,1.51,0.43,12,CO,precip
2007,2.58,1.50,12,CO,precip
2008,1.83,0.75,12,CO,precip
2009,1.3,0.22,12,CO,precip
2010,1.65,0.57,12,CO,precip
2011,.91,-0.17,12,CO,precip
2012,1.31,0.23,12,CO,precip
2013,.82,-0.26,12,CO,precip
2014,1.31,0.23,12,CO,precip
2015,1.47,0.39,12,CO,precip
2000,29.1,5.4,01,CO,temp
2001,24.7,1.0,01,CO,temp
2002,25.4,1.7,01,CO,temp
2003,31.6,7.9,01,CO,temp
2004,26.2,2.5,01,CO,temp
2005,30.2,6.5,01,CO,temp
2006,29.9,6.2,01,CO,temp
2007,19.4,-4.3,01,CO,temp
2008,20.9,-2.8,01,CO,temp
2009,28.3,4.6,01,CO,temp
2010,26.1,2.4,01,CO,temp
2011,24,0.3,01,CO,temp
2012,29.4,5.7,01,CO,temp
2013,22.9,-0.8,01,CO,temp
2014,26.4,2.7,01,CO,temp
2015,29.2,5.5,01,CO,temp
2016,25.6,1.9,01,CO,temp
2000,34.3,6.9,02,CO,temp
2001,28.2,0.8,02,CO,temp
2002,27.1,-0.3,02,CO,temp
2003,26.3,-1.1,02,CO,temp
2004,26.3,-1.1,02,CO,temp
2005,31.3,3.9,02,CO,temp
2006,28,0.6,02,CO,temp
2007,27.7,0.3,02,CO,temp
2008,27.6,0.2,02,CO,temp
2009,32.2,4.8,02,CO,temp
2010,24.6,-2.8,02,CO,temp
2011,24.2,-3.2,02,CO,temp
2012,27.4,0.0,02,CO,temp
2013,25.7,-1.7,02,CO,temp
2014,27.6,0.2,02,CO,temp
2015,32.1,4.7,02,CO,temp
2016,32.6,5.2,02,CO,temp
2000,36.6,2.9,03,CO,temp
2001,36.1,2.4,03,CO,temp
2002,32,-1.7,03,CO,temp
2003,36.6,2.9,03,CO,temp
2004,41.9,8.2,03,CO,temp
2005,35.2,1.5,03,CO,temp
2006,34.9,1.2,03,CO,temp
2007,40.5,6.8,03,CO,temp
2008,33.9,0.2,03,CO,temp
2009,37.1,3.4,03,CO,temp
2010,35.2,1.5,03,CO,temp
2011,37.7,4.0,03,CO,temp
2012,41.9,8.2,03,CO,temp
2013,35,1.3,03,CO,temp
2014,36.3,2.6,03,CO,temp
2015,40.6,6.9,03,CO,temp
2016,37.9,4.2,03,CO,temp
2000,46.4,3.9,04,CO,temp
2001,45.9,3.4,04,CO,temp
2002,47.3,4.8,04,CO,temp
2003,45.3,2.8,04,CO,temp
2004,44.4,1.9,04,CO,temp
2005,43.4,0.9,04,CO,temp
2006,47.1,4.6,04,CO,temp
2007,43.3,0.8,04,CO,temp
2008,40.9,-1.6,04,CO,temp
2009,42,-0.5,04,CO,temp
2010,43.6,1.1,04,CO,temp
2011,43,0.5,04,CO,temp
2012,48.2,5.7,04,CO,temp
2013,39.8,-2.7,04,CO,temp
2014,43.3,0.8,04,CO,temp
2015,44.8,2.3,04,CO,temp
2000,56.1,4.3,05,CO,temp
2001,53.9,2.1,05,CO,temp
2002,53.4,1.6,05,CO,temp
2003,53.9,2.1,05,CO,temp
2004,54.8,3.0,05,CO,temp
2005,53.2,1.4,05,CO,temp
2006,55.6,3.8,05,CO,temp
2007,53.5,1.7,05,CO,temp
2008,51,-0.8,05,CO,temp
2009,54.5,2.7,05,CO,temp
2010,50.1,-1.7,05,CO,temp
2011,49.3,-2.5,05,CO,temp
2012,55.4,3.6,05,CO,temp
2013,52.8,1.0,05,CO,temp
2014,52.5,0.7,05,CO,temp
2015,49.8,-2.0,05,CO,temp
2000,63,1.8,06,CO,temp
2001,63.9,2.7,06,CO,temp
2002,67.1,5.9,06,CO,temp
2003,60.1,-1.1,06,CO,temp
2004,60.8,-0.4,06,CO,temp
2005,60.9,-0.3,06,CO,temp
2006,65.7,4.5,06,CO,temp
2007,62.9,1.7,06,CO,temp
2008,61.6,0.4,06,CO,temp
2009,59.8,-1.4,06,CO,temp
2010,64,2.8,06,CO,temp
2011,62.9,1.7,06,CO,temp
2012,67.9,6.7,06,CO,temp
2013,65.6,4.4,06,CO,temp
2014,62.5,1.3,06,CO,temp
2015,64.9,3.7,06,CO,temp
2000,69.8,2.7,07,CO,temp
2001,70.3,3.2,07,CO,temp
2002,71,3.9,07,CO,temp
2003,72.5,5.4,07,CO,temp
2004,65.9,-1.2,07,CO,temp
2005,70,2.9,07,CO,temp
2006,69.6,2.5,07,CO,temp
2007,69.7,2.6,07,CO,temp
2008,69.2,2.1,07,CO,temp
2009,66.9,-0.2,07,CO,temp
2010,68.7,1.6,07,CO,temp
2011,70,2.9,07,CO,temp
2012,70.6,3.5,07,CO,temp
2013,68.5,1.4,07,CO,temp
2014,68.4,1.3,07,CO,temp
2015,66.6,-0.5,07,CO,temp
2000,69,3.8,08,CO,temp
2001,66.9,1.7,08,CO,temp
2002,66.8,1.6,08,CO,temp
2003,68.4,3.2,08,CO,temp
2004,63.2,-2.0,08,CO,temp
2005,65.1,-0.1,08,CO,temp
2006,65.6,0.4,08,CO,temp
2007,68.8,3.6,08,CO,temp
2008,65.7,0.5,08,CO,temp
2009,64.8,-0.4,08,CO,temp
2010,66.5,1.3,08,CO,temp
2011,69.2,4.0,08,CO,temp
2012,67.7,2.5,08,CO,temp
2013,67,1.8,08,CO,temp
2014,64.7,-0.5,08,CO,temp
2015,66.9,1.7,08,CO,temp
2000,59.5,2.2,09,CO,temp
2001,60.3,3.0,09,CO,temp
2002,58.4,1.1,09,CO,temp
2003,56.7,-0.6,09,CO,temp
2004,57.7,0.4,09,CO,temp
2005,60.2,2.9,09,CO,temp
2006,53.5,-3.8,09,CO,temp
2007,59.7,2.4,09,CO,temp
2008,57.3,0.0,09,CO,temp
2009,57.6,0.3,09,CO,temp
2010,61.2,3.9,09,CO,temp
2011,58.5,1.2,09,CO,temp
2012,59.5,2.2,09,CO,temp
2013,60.7,3.4,09,CO,temp
2014,60,2.7,09,CO,temp
2015,62.6,5.3,09,CO,temp
2000,47.4,0.9,10,CO,temp
2001,47.9,1.4,10,CO,temp
2002,43.2,-3.3,10,CO,temp
2003,51.5,5.0,10,CO,temp
2004,46.9,0.4,10,CO,temp
2005,48.3,1.8,10,CO,temp
2006,44.9,-1.6,10,CO,temp
2007,48.3,1.8,10,CO,temp
2008,47.6,1.1,10,CO,temp
2009,40.8,-5.7,10,CO,temp
2010,49.2,2.7,10,CO,temp
2011,47.1,0.6,10,CO,temp
2012,46.5,0.0,10,CO,temp
2013,44.2,-2.3,10,CO,temp
2014,49.9,3.4,10,CO,temp
2015,51.4,4.9,10,CO,temp
2000,27.2,-6.3,11,CO,temp
2001,37.9,4.4,11,CO,temp
2002,33.7,0.2,11,CO,temp
2003,33,-0.5,11,CO,temp
2004,33.8,0.3,11,CO,temp
2005,37.5,4.0,11,CO,temp
2006,36.5,3.0,11,CO,temp
2007,38.1,4.6,11,CO,temp
2008,38.3,4.8,11,CO,temp
2009,37.8,4.3,11,CO,temp
2010,33.6,0.1,11,CO,temp
2011,34.9,1.4,11,CO,temp
2012,39.4,5.9,11,CO,temp
2013,35.2,1.7,11,CO,temp
2014,33.4,-0.1,11,CO,temp
2015,34.6,1.1,11,CO,temp
2000,25.7,0.5,12,CO,temp
2001,26.4,1.2,12,CO,temp
2002,27.6,2.4,12,CO,temp
2003,28.6,3.4,12,CO,temp
2004,28.4,3.2,12,CO,temp
2005,26,0.8,12,CO,temp
2006,26.8,1.6,12,CO,temp
2007,22.4,-2.8,12,CO,temp
2008,25.3,0.1,12,CO,temp
2009,20.4,-4.8,12,CO,temp
2010,31.1,5.9,12,CO,temp
2011,24.4,-0.8,12,CO,temp
2012,25.9,0.7,12,CO,temp
2013,23.7,-1.5,12,CO,temp
2014,27.9,2.7,12,CO,temp
2015,25.9,0.7,12,CO,temp
2000,-2.32,-2.43,01,NM,drought
2001,2.68,2.57,01,NM,drought
2002,-1.88,-1.99,01,NM,drought
2003,-2.62,-2.73,01,NM,drought
2004,-4.35,-4.46,01,NM,drought
2005,2.27,2.16,01,NM,drought
2006,-2.31,-2.42,01,NM,drought
2007,2.43,2.32,01,NM,drought
2008,-.72,-0.83,01,NM,drought
2009,-1.08,-1.19,01,NM,drought
2010,1.07,0.96,01,NM,drought
2011,-2.02,-2.13,01,NM,drought
2012,-3.47,-3.58,01,NM,drought
2013,-4.89,-5.00,01,NM,drought
2014,-2.61,-2.72,01,NM,drought
2015,.83,0.72,01,NM,drought
2016,1.93,1.82,01,NM,drought
2000,-3.11,-3.30,02,NM,drought
2001,2.55,2.36,02,NM,drought
2002,-2,-2.19,02,NM,drought
2003,-2.03,-2.22,02,NM,drought
2004,.46,0.27,02,NM,drought
2005,3.19,3.00,02,NM,drought
2006,-2.89,-3.08,02,NM,drought
2007,2.03,1.84,02,NM,drought
2008,-.8,-0.99,02,NM,drought
2009,-1.7,-1.89,02,NM,drought
2010,1.67,1.48,02,NM,drought
2011,-2.05,-2.24,02,NM,drought
2012,-3.4,-3.59,02,NM,drought
2013,-4.59,-4.78,02,NM,drought
2014,-3.16,-3.35,02,NM,drought
2015,.63,0.44,02,NM,drought
2016,1.21,1.02,02,NM,drought
2000,-2.42,-2.60,03,NM,drought
2001,2.7,2.52,03,NM,drought
2002,-2.06,-2.24,03,NM,drought
2003,-1.89,-2.07,03,NM,drought
2004,.11,-0.07,03,NM,drought
2005,3.41,3.23,03,NM,drought
2006,-3.17,-3.35,03,NM,drought
2007,1.89,1.71,03,NM,drought
2008,-1.2,-1.38,03,NM,drought
2009,-2.26,-2.44,03,NM,drought
2010,1.89,1.71,03,NM,drought
2011,-2.97,-3.15,03,NM,drought
2012,-3.72,-3.90,03,NM,drought
2013,-4.74,-4.92,03,NM,drought
2014,-3.55,-3.73,03,NM,drought
2015,.33,0.15,03,NM,drought
2016,-1.52,-1.70,03,NM,drought
2000,-2.85,-3.13,04,NM,drought
2001,2.5,2.22,04,NM,drought
2002,-2.83,-3.11,04,NM,drought
2003,-2.23,-2.51,04,NM,drought
2004,1.53,1.25,04,NM,drought
2005,3.6,3.32,04,NM,drought
2006,-3.94,-4.22,04,NM,drought
2007,1.88,1.60,04,NM,drought
2008,-1.68,-1.96,04,NM,drought
2009,-2.67,-2.95,04,NM,drought
2010,2.14,1.86,04,NM,drought
2011,-3.74,-4.02,04,NM,drought
2012,-4.22,-4.50,04,NM,drought
2013,-5.14,-5.42,04,NM,drought
2014,-3.96,-4.24,04,NM,drought
2015,.19,-0.09,04,NM,drought
2000,-4.04,-4.29,05,NM,drought
2001,2.59,2.34,05,NM,drought
2002,-3.8,-4.05,05,NM,drought
2003,-3,-3.25,05,NM,drought
2004,.78,0.53,05,NM,drought
2005,3.98,3.73,05,NM,drought
2006,-4.72,-4.97,05,NM,drought
2007,2.43,2.18,05,NM,drought
2008,-1.68,-1.93,05,NM,drought
2009,-3.05,-3.30,05,NM,drought
2010,1.76,1.51,05,NM,drought
2011,-4.36,-4.61,05,NM,drought
2012,-4.35,-4.60,05,NM,drought
2013,-5.72,-5.97,05,NM,drought
2014,-3.89,-4.14,05,NM,drought
2015,1.41,1.16,05,NM,drought
2000,-3.11,-3.49,06,NM,drought
2001,2.38,2.00,06,NM,drought
2002,-4.33,-4.71,06,NM,drought
2003,-2.89,-3.27,06,NM,drought
2004,.48,0.10,06,NM,drought
2005,3.66,3.28,06,NM,drought
2006,-4.84,-5.22,06,NM,drought
2007,-.03,-0.41,06,NM,drought
2008,-2.22,-2.60,06,NM,drought
2009,-2.8,-3.18,06,NM,drought
2010,1.55,1.17,06,NM,drought
2011,-5.25,-5.63,06,NM,drought
2012,-5.03,-5.41,06,NM,drought
2013,-6.12,-6.50,06,NM,drought
2014,-4.5,-4.88,06,NM,drought
2015,1.48,1.10,06,NM,drought
2000,-3.58,-4.09,07,NM,drought
2001,-.45,-0.96,07,NM,drought
2002,-4.13,-4.64,07,NM,drought
2003,-4.31,-4.82,07,NM,drought
2004,.4,-0.11,07,NM,drought
2005,-1.04,-1.55,07,NM,drought
2006,.54,0.03,07,NM,drought
2007,0,-0.51,07,NM,drought
2008,1.55,1.04,07,NM,drought
2009,-2.46,-2.97,07,NM,drought
2010,2.68,2.17,07,NM,drought
2011,-5.65,-6.16,07,NM,drought
2012,-5.04,-5.55,07,NM,drought
2013,-4.6,-5.11,07,NM,drought
2014,.55,0.04,07,NM,drought
2015,2.55,2.04,07,NM,drought
2000,-4.09,-4.46,08,NM,drought
2001,-.52,-0.89,08,NM,drought
2002,-4.54,-4.91,08,NM,drought
2003,-4.81,-5.18,08,NM,drought
2004,.23,-0.14,08,NM,drought
2005,-.48,-0.85,08,NM,drought
2006,2.3,1.93,08,NM,drought
2007,-.61,-0.98,08,NM,drought
2008,1.59,1.22,08,NM,drought
2009,-3.36,-3.73,08,NM,drought
2010,-.23,-0.60,08,NM,drought
2011,-6.04,-6.41,08,NM,drought
2012,-5.5,-5.87,08,NM,drought
2013,-4.56,-4.93,08,NM,drought
2014,.17,-0.20,08,NM,drought
2015,1.77,1.40,08,NM,drought
2000,-5.09,-5.32,09,NM,drought
2001,-1.23,-1.46,09,NM,drought
2002,-3.48,-3.71,09,NM,drought
2003,-5.07,-5.30,09,NM,drought
2004,.58,0.35,09,NM,drought
2005,-.52,-0.75,09,NM,drought
2006,2.75,2.52,09,NM,drought
2007,-.66,-0.89,09,NM,drought
2008,-.34,-0.57,09,NM,drought
2009,-3.01,-3.24,09,NM,drought
2010,-.66,-0.89,09,NM,drought
2011,-5.62,-5.85,09,NM,drought
2012,-5.4,-5.63,09,NM,drought
2013,-2.3,-2.53,09,NM,drought
2014,1.11,0.88,09,NM,drought
2015,.82,0.59,09,NM,drought
2000,1.69,1.45,10,NM,drought
2001,-1.96,-2.20,10,NM,drought
2002,-2.75,-2.99,10,NM,drought
2003,-4.87,-5.11,10,NM,drought
2004,.89,0.65,10,NM,drought
2005,-.43,-0.67,10,NM,drought
2006,3.08,2.84,10,NM,drought
2007,-1.42,-1.66,10,NM,drought
2008,-.2,-0.44,10,NM,drought
2009,-2.61,-2.85,10,NM,drought
2010,-.97,-1.21,10,NM,drought
2011,-5.15,-5.39,10,NM,drought
2012,-5.63,-5.87,10,NM,drought
2013,-2.39,-2.63,10,NM,drought
2014,.45,0.21,10,NM,drought
2015,1.99,1.75,10,NM,drought
2000,2.45,2.29,11,NM,drought
2001,-1.68,-1.84,11,NM,drought
2002,-2.57,-2.73,11,NM,drought
2003,-4.31,-4.47,11,NM,drought
2004,1.83,1.67,11,NM,drought
2005,-1.09,-1.25,11,NM,drought
2006,2.16,2.00,11,NM,drought
2007,-1.7,-1.86,11,NM,drought
2008,-.56,-0.72,11,NM,drought
2009,-2.74,-2.90,11,NM,drought
2010,-1.37,-1.53,11,NM,drought
2011,-4.86,-5.02,11,NM,drought
2012,-5.74,-5.90,11,NM,drought
2013,-1.98,-2.14,11,NM,drought
2014,.37,0.21,11,NM,drought
2015,2.1,1.94,11,NM,drought
2000,2.15,1.96,12,NM,drought
2001,-1.79,-1.98,12,NM,drought
2002,-1.91,-2.10,12,NM,drought
2003,-4.42,-4.61,12,NM,drought
2004,1.69,1.50,12,NM,drought
2005,-1.67,-1.86,12,NM,drought
2006,2.2,2.01,12,NM,drought
2007,-.87,-1.06,12,NM,drought
2008,-.47,-0.66,12,NM,drought
2009,.28,0.09,12,NM,drought
2010,-1.56,-1.75,12,NM,drought
2011,-3.29,-3.48,12,NM,drought
2012,-5.31,-5.50,12,NM,drought
2013,-2.06,-2.25,12,NM,drought
2014,.2,0.01,12,NM,drought
2015,2.18,1.99,12,NM,drought
2000,.23,-0.38,01,NM,precip
2001,1.16,0.55,01,NM,precip
2002,.52,-0.09,01,NM,precip
2003,.07,-0.54,01,NM,precip
2004,.49,-0.12,01,NM,precip
2005,1.63,1.02,01,NM,precip
2006,.16,-0.45,01,NM,precip
2007,1.04,0.43,01,NM,precip
2008,.61,0.00,01,NM,precip
2009,.2,-0.41,01,NM,precip
2010,1.44,0.83,01,NM,precip
2011,.08,-0.53,01,NM,precip
2012,.28,-0.33,01,NM,precip
2013,.5,-0.11,01,NM,precip
2014,.03,-0.58,01,NM,precip
2015,1.41,0.80,01,NM,precip
2016,.52,-0.09,01,NM,precip
2000,.16,-0.48,02,NM,precip
2001,.7,0.06,02,NM,precip
2002,.33,-0.31,02,NM,precip
2003,1.07,0.43,02,NM,precip
2004,1.07,0.43,02,NM,precip
2005,1.85,1.21,02,NM,precip
2006,.11,-0.53,02,NM,precip
2007,.53,-0.11,02,NM,precip
2008,.56,-0.08,02,NM,precip
2009,.19,-0.45,02,NM,precip
2010,1.18,0.54,02,NM,precip
2011,.34,-0.30,02,NM,precip
2012,.36,-0.28,02,NM,precip
2013,.39,-0.25,02,NM,precip
2014,.17,-0.47,02,NM,precip
2015,.72,0.08,02,NM,precip
2016,.33,-0.31,02,NM,precip
2000,1.62,0.89,03,NM,precip
2001,1.06,0.33,03,NM,precip
2002,.43,-0.30,03,NM,precip
2003,.67,-0.06,03,NM,precip
2004,.87,0.14,03,NM,precip
2005,1.13,0.40,03,NM,precip
2006,.55,-0.18,03,NM,precip
2007,1.03,0.30,03,NM,precip
2008,.19,-0.54,03,NM,precip
2009,.49,-0.24,03,NM,precip
2010,1,0.27,03,NM,precip
2011,.15,-0.58,03,NM,precip
2012,.27,-0.46,03,NM,precip
2013,.22,-0.51,03,NM,precip
2014,.47,-0.26,03,NM,precip
2015,.71,-0.02,03,NM,precip
2016,.06,-0.67,03,NM,precip
2000,.34,-0.41,04,NM,precip
2001,.41,-0.34,04,NM,precip
2002,.26,-0.49,04,NM,precip
2003,.16,-0.59,04,NM,precip
2004,2.61,1.86,04,NM,precip
2005,.84,0.09,04,NM,precip
2006,.29,-0.46,04,NM,precip
2007,.77,0.02,04,NM,precip
2008,.16,-0.59,04,NM,precip
2009,.46,-0.29,04,NM,precip
2010,.87,0.12,04,NM,precip
2011,.25,-0.50,04,NM,precip
2012,.39,-0.36,04,NM,precip
2013,.18,-0.57,04,NM,precip
2014,.37,-0.38,04,NM,precip
2015,.74,-0.01,04,NM,precip
2000,.12,-0.93,05,NM,precip
2001,1.02,-0.03,05,NM,precip
2002,.14,-0.91,05,NM,precip
2003,.38,-0.67,05,NM,precip
2004,.17,-0.88,05,NM,precip
2005,1.21,0.16,05,NM,precip
2006,.39,-0.66,05,NM,precip
2007,1.98,0.93,05,NM,precip
2008,.98,-0.07,05,NM,precip
2009,.91,-0.14,05,NM,precip
2010,.47,-0.58,05,NM,precip
2011,.23,-0.82,05,NM,precip
2012,.81,-0.24,05,NM,precip
2013,.22,-0.83,05,NM,precip
2014,1.06,0.01,05,NM,precip
2015,2.54,1.49,05,NM,precip
2000,2.27,1.10,06,NM,precip
2001,.8,-0.37,06,NM,precip
2002,.73,-0.44,06,NM,precip
2003,1.26,0.09,06,NM,precip
2004,1.2,0.03,06,NM,precip
2005,.47,-0.70,06,NM,precip
2006,1.05,-0.12,06,NM,precip
2007,1.14,-0.03,06,NM,precip
2008,.56,-0.61,06,NM,precip
2009,1.48,0.31,06,NM,precip
2010,.89,-0.28,06,NM,precip
2011,.17,-1.00,06,NM,precip
2012,.33,-0.84,06,NM,precip
2013,.64,-0.53,06,NM,precip
2014,.55,-0.62,06,NM,precip
2015,1.57,0.40,06,NM,precip
2000,1.71,-0.63,07,NM,precip
2001,1.78,-0.56,07,NM,precip
2002,2.25,-0.09,07,NM,precip
2003,.78,-1.56,07,NM,precip
2004,2.32,-0.02,07,NM,precip
2005,.98,-1.36,07,NM,precip
2006,3.21,0.87,07,NM,precip
2007,2.33,-0.01,07,NM,precip
2008,4.06,1.72,07,NM,precip
2009,2.67,0.33,07,NM,precip
2010,3.7,1.36,07,NM,precip
2011,1.7,-0.64,07,NM,precip
2012,1.95,-0.39,07,NM,precip
2013,3.48,1.14,07,NM,precip
2014,3.19,0.85,07,NM,precip
2015,3.7,1.36,07,NM,precip
2000,1.69,-0.78,08,NM,precip
2001,2.39,-0.08,08,NM,precip
2002,1.75,-0.72,08,NM,precip
2003,1.63,-0.84,08,NM,precip
2004,2.25,-0.22,08,NM,precip
2005,3.03,0.56,08,NM,precip
2006,4.78,2.31,08,NM,precip
2007,1.99,-0.48,08,NM,precip
2008,2.78,0.31,08,NM,precip
2009,1.26,-1.21,08,NM,precip
2010,2.26,-0.21,08,NM,precip
2011,1.84,-0.63,08,NM,precip
2012,1.62,-0.85,08,NM,precip
2013,2.16,-0.31,08,NM,precip
2014,2.16,-0.31,08,NM,precip
2015,2.05,-0.42,08,NM,precip
2000,.22,-1.45,09,NM,precip
2001,.92,-0.75,09,NM,precip
2002,2.61,0.94,09,NM,precip
2003,.94,-0.73,09,NM,precip
2004,2.22,0.55,09,NM,precip
2005,1.83,0.16,09,NM,precip
2006,2.36,0.69,09,NM,precip
2007,1.8,0.13,09,NM,precip
2008,1.27,-0.40,09,NM,precip
2009,1.75,0.08,09,NM,precip
2010,1.43,-0.24,09,NM,precip
2011,1.66,-0.01,09,NM,precip
2012,1.31,-0.36,09,NM,precip
2013,4.19,2.52,09,NM,precip
2014,3.15,1.48,09,NM,precip
2015,1.1,-0.57,09,NM,precip
2000,3.23,2.08,10,NM,precip
2001,.23,-0.92,10,NM,precip
2002,1.54,0.39,10,NM,precip
2003,1.03,-0.12,10,NM,precip
2004,1.61,0.46,10,NM,precip
2005,1.24,0.09,10,NM,precip
2006,1.88,0.73,10,NM,precip
2007,.25,-0.90,10,NM,precip
2008,1.32,0.17,10,NM,precip
2009,1.17,0.02,10,NM,precip
2010,.81,-0.34,10,NM,precip
2011,1.08,-0.07,10,NM,precip
2012,.29,-0.86,10,NM,precip
2013,.43,-0.72,10,NM,precip
2014,.67,-0.48,10,NM,precip
2015,2.88,1.73,10,NM,precip
2000,1.29,0.63,11,NM,precip
2001,.94,0.28,11,NM,precip
2002,.56,-0.10,11,NM,precip
2003,.86,0.20,11,NM,precip
2004,1.71,1.05,11,NM,precip
2005,.06,-0.60,11,NM,precip
2006,.17,-0.49,11,NM,precip
2007,.42,-0.24,11,NM,precip
2008,.38,-0.28,11,NM,precip
2009,.4,-0.26,11,NM,precip
2010,.1,-0.56,11,NM,precip
2011,.47,-0.19,11,NM,precip
2012,.18,-0.48,11,NM,precip
2013,.86,0.20,11,NM,precip
2014,.63,-0.03,11,NM,precip
2015,.85,0.19,11,NM,precip
2000,.48,-0.26,12,NM,precip
2001,.41,-0.33,12,NM,precip
2002,1.17,0.43,12,NM,precip
2003,.22,-0.52,12,NM,precip
2004,.73,-0.01,12,NM,precip
2005,.07,-0.67,12,NM,precip
2006,1.02,0.28,12,NM,precip
2007,1.47,0.73,12,NM,precip
2008,.87,0.13,12,NM,precip
2009,.96,0.22,12,NM,precip
2010,.67,-0.07,12,NM,precip
2011,1.83,1.09,12,NM,precip
2012,.62,-0.12,12,NM,precip
2013,.4,-0.34,12,NM,precip
2014,.75,0.01,12,NM,precip
2015,1.05,0.31,12,NM,precip
2000,38.9,5.2,01,NM,temp
2001,31.8,-1.9,01,NM,temp
2002,36.1,2.4,01,NM,temp
2003,40.2,6.5,01,NM,temp
2004,36.6,2.9,01,NM,temp
2005,39.9,6.2,01,NM,temp
2006,38.2,4.5,01,NM,temp
2007,30.8,-2.9,01,NM,temp
2008,32.5,-1.2,01,NM,temp
2009,37.8,4.1,01,NM,temp
2010,33.6,-0.1,01,NM,temp
2011,33.8,0.1,01,NM,temp
2012,38.6,4.9,01,NM,temp
2013,32,-1.7,01,NM,temp
2014,36.4,2.7,01,NM,temp
2015,35.6,1.9,01,NM,temp
2016,34.3,0.6,01,NM,temp
2000,43.7,5.9,02,NM,temp
2001,39.3,1.5,02,NM,temp
2002,37,-0.8,02,NM,temp
2003,38.6,0.8,02,NM,temp
2004,35,-2.8,02,NM,temp
2005,40.1,2.3,02,NM,temp
2006,40.1,2.3,02,NM,temp
2007,39.2,1.4,02,NM,temp
2008,39.6,1.8,02,NM,temp
2009,41.8,4.0,02,NM,temp
2010,35.1,-2.7,02,NM,temp
2011,35,-2.8,02,NM,temp
2012,38.2,0.4,02,NM,temp
2013,36.1,-1.7,02,NM,temp
2014,41.9,4.1,02,NM,temp
2015,41.4,3.6,02,NM,temp
2016,42.1,4.3,02,NM,temp
2000,45.7,2.2,03,NM,temp
2001,44.4,0.9,03,NM,temp
2002,43.7,0.2,03,NM,temp
2003,45.1,1.6,03,NM,temp
2004,49.7,6.2,03,NM,temp
2005,43.1,-0.4,03,NM,temp
2006,45.3,1.8,03,NM,temp
2007,47.6,4.1,03,NM,temp
2008,44.9,1.4,03,NM,temp
2009,47.2,3.7,03,NM,temp
2010,43.1,-0.4,03,NM,temp
2011,49.2,5.7,03,NM,temp
2012,47.8,4.3,03,NM,temp
2013,46.6,3.1,03,NM,temp
2014,46,2.5,03,NM,temp
2015,47.6,4.1,03,NM,temp
2016,48.4,4.9,03,NM,temp
2000,55.5,4.1,04,NM,temp
2001,54.2,2.8,04,NM,temp
2002,57.3,5.9,04,NM,temp
2003,52.9,1.5,04,NM,temp
2004,51.4,0.0,04,NM,temp
2005,51.7,0.3,04,NM,temp
2006,56.3,4.9,04,NM,temp
2007,51.6,0.2,04,NM,temp
2008,51.6,0.2,04,NM,temp
2009,51.7,0.3,04,NM,temp
2010,52.7,1.3,04,NM,temp
2011,55.6,4.2,04,NM,temp
2012,56.6,5.2,04,NM,temp
2013,52.6,1.2,04,NM,temp
2014,52.3,0.9,04,NM,temp
2015,52.6,1.2,04,NM,temp
2000,66,5.8,05,NM,temp
2001,63.1,2.9,05,NM,temp
2002,62.7,2.5,05,NM,temp
2003,63.2,3.0,05,NM,temp
2004,63.1,2.9,05,NM,temp
2005,61.6,1.4,05,NM,temp
2006,65.1,4.9,05,NM,temp
2007,60,-0.2,05,NM,temp
2008,60.2,0.0,05,NM,temp
2009,63.6,3.4,05,NM,temp
2010,59.9,-0.3,05,NM,temp
2011,59.6,-0.6,05,NM,temp
2012,63.4,3.2,05,NM,temp
2013,61.6,1.4,05,NM,temp
2014,60.1,-0.1,05,NM,temp
2015,58.2,-2.0,05,NM,temp
2000,70.7,1.5,06,NM,temp
2001,71.5,2.3,06,NM,temp
2002,73.8,4.6,06,NM,temp
2003,69.2,0.0,06,NM,temp
2004,69.9,0.7,06,NM,temp
2005,69.8,0.6,06,NM,temp
2006,73,3.8,06,NM,temp
2007,69.8,0.6,06,NM,temp
2008,71.9,2.7,06,NM,temp
2009,69,-0.2,06,NM,temp
2010,72.6,3.4,06,NM,temp
2011,73.1,3.9,06,NM,temp
2012,74.2,5.0,06,NM,temp
2013,74.1,4.9,06,NM,temp
2014,72.4,3.2,06,NM,temp
2015,71.6,2.4,06,NM,temp
2000,74.6,1.9,07,NM,temp
2001,75.2,2.5,07,NM,temp
2002,73.8,1.1,07,NM,temp
2003,76.8,4.1,07,NM,temp
2004,72.3,-0.4,07,NM,temp
2005,75,2.3,07,NM,temp
2006,74.6,1.9,07,NM,temp
2007,73.3,0.6,07,NM,temp
2008,72,-0.7,07,NM,temp
2009,74.8,2.1,07,NM,temp
2010,73.4,0.7,07,NM,temp
2011,76.6,3.9,07,NM,temp
2012,74.4,1.7,07,NM,temp
2013,73,0.3,07,NM,temp
2014,74.2,1.5,07,NM,temp
2015,73.1,0.4,07,NM,temp
2000,73.2,2.3,08,NM,temp
2001,71.5,0.6,08,NM,temp
2002,73.2,2.3,08,NM,temp
2003,73.5,2.6,08,NM,temp
2004,69.3,-1.6,08,NM,temp
2005,70.8,-0.1,08,NM,temp
2006,70.3,-0.6,08,NM,temp
2007,73.7,2.8,08,NM,temp
2008,71,0.1,08,NM,temp
2009,72.2,1.3,08,NM,temp
2010,72.3,1.4,08,NM,temp
2011,76.1,5.2,08,NM,temp
2012,73.9,3.0,08,NM,temp
2013,72.3,1.4,08,NM,temp
2014,70.5,-0.4,08,NM,temp
2015,73.4,2.5,08,NM,temp
2000,68,3.5,09,NM,temp
2001,66.7,2.2,09,NM,temp
2002,65.4,0.9,09,NM,temp
2003,66,1.5,09,NM,temp
2004,63.9,-0.6,09,NM,temp
2005,67.3,2.8,09,NM,temp
2006,60.9,-3.6,09,NM,temp
2007,67,2.5,09,NM,temp
2008,63.7,-0.8,09,NM,temp
2009,63.9,-0.6,09,NM,temp
2010,68.3,3.8,09,NM,temp
2011,66.3,1.8,09,NM,temp
2012,66.2,1.7,09,NM,temp
2013,66,1.5,09,NM,temp
2014,66.5,2.0,09,NM,temp
2015,68.9,4.4,09,NM,temp
2000,53.9,-0.2,10,NM,temp
2001,56.8,2.7,10,NM,temp
2002,52.8,-1.3,10,NM,temp
2003,58.9,4.8,10,NM,temp
2004,54.2,0.1,10,NM,temp
2005,55.2,1.1,10,NM,temp
2006,53.6,-0.5,10,NM,temp
2007,56.5,2.4,10,NM,temp
2008,54.9,0.8,10,NM,temp
2009,52.5,-1.6,10,NM,temp
2010,56.7,2.6,10,NM,temp
2011,55.3,1.2,10,NM,temp
2012,56.1,2.0,10,NM,temp
2013,52.6,-1.5,10,NM,temp
2014,57.4,3.3,10,NM,temp
2015,57.4,3.3,10,NM,temp
2000,37.1,-5.0,11,NM,temp
2001,45.7,3.6,11,NM,temp
2002,42.5,0.4,11,NM,temp
2003,44.6,2.5,11,NM,temp
2004,41.4,-0.7,11,NM,temp
2005,45.3,3.2,11,NM,temp
2006,45.3,3.2,11,NM,temp
2007,46.1,4.0,11,NM,temp
2008,44.6,2.5,11,NM,temp
2009,45.2,3.1,11,NM,temp
2010,42,-0.1,11,NM,temp
2011,43.5,1.4,11,NM,temp
2012,46.7,4.6,11,NM,temp
2013,42.7,0.6,11,NM,temp
2014,42.4,0.3,11,NM,temp
2015,43.4,1.3,11,NM,temp
2000,35.2,0.9,12,NM,temp
2001,34.7,0.4,12,NM,temp
2002,34.5,0.2,12,NM,temp
2003,36.8,2.5,12,NM,temp
2004,35.7,1.4,12,NM,temp
2005,36.8,2.5,12,NM,temp
2006,34.5,0.2,12,NM,temp
2007,35,0.7,12,NM,temp
2008,36.8,2.5,12,NM,temp
2009,31.6,-2.7,12,NM,temp
2010,40.4,6.1,12,NM,temp
2011,31.4,-2.9,12,NM,temp
2012,36,1.7,12,NM,temp
2013,34.5,0.2,12,NM,temp
2014,37.7,3.4,12,NM,temp
2015,36,1.7,12,NM,temp
2000,-2.83,-2.75,01,NV,drought
2001,-2.31,-2.23,01,NV,drought
2002,-3.08,-3.00,01,NV,drought
2003,-4.8,-4.72,01,NV,drought
2004,-2.81,-2.73,01,NV,drought
2005,3.25,3.33,01,NV,drought
2006,3.85,3.93,01,NV,drought
2007,-2.15,-2.07,01,NV,drought
2008,-3.32,-3.24,01,NV,drought
2009,-3.52,-3.44,01,NV,drought
2010,.36,0.44,01,NV,drought
2011,2.26,2.34,01,NV,drought
2012,-1.76,-1.68,01,NV,drought
2013,-3.3,-3.22,01,NV,drought
2014,-4.12,-4.04,01,NV,drought
2015,-4.04,-3.96,01,NV,drought
2016,-1.44,-1.36,01,NV,drought
2000,-1.89,-1.89,02,NV,drought
2001,-2.04,-2.04,02,NV,drought
2002,-3.17,-3.17,02,NV,drought
2003,-4.51,-4.51,02,NV,drought
2004,-1.82,-1.82,02,NV,drought
2005,3.67,3.67,02,NV,drought
2006,3.34,3.34,02,NV,drought
2007,-2.32,-2.32,02,NV,drought
2008,-2.87,-2.87,02,NV,drought
2009,-3.18,-3.18,02,NV,drought
2010,.26,0.26,02,NV,drought
2011,2.2,2.20,02,NV,drought
2012,-2.26,-2.26,02,NV,drought
2013,-3.45,-3.45,02,NV,drought
2014,-4.11,-4.11,02,NV,drought
2015,-4.72,-4.72,02,NV,drought
2016,-1.7,-1.70,02,NV,drought
2000,-1.89,-1.89,03,NV,drought
2001,-2.27,-2.27,03,NV,drought
2002,-3.25,-3.25,03,NV,drought
2003,-4.66,-4.66,03,NV,drought
2004,-2.73,-2.73,03,NV,drought
2005,3.72,3.72,03,NV,drought
2006,3.84,3.84,03,NV,drought
2007,-3.16,-3.16,03,NV,drought
2008,-3.14,-3.14,03,NV,drought
2009,-3.28,-3.28,03,NV,drought
2010,.11,0.11,03,NV,drought
2011,2.49,2.49,03,NV,drought
2012,-2.53,-2.53,03,NV,drought
2013,-4.08,-4.08,03,NV,drought
2014,-4.22,-4.22,03,NV,drought
2015,-5.76,-5.76,03,NV,drought
2016,-1.74,-1.74,03,NV,drought
2000,-2.25,-2.30,04,NV,drought
2001,-1.78,-1.83,04,NV,drought
2002,-3.21,-3.26,04,NV,drought
2003,-3.47,-3.52,04,NV,drought
2004,-2.72,-2.77,04,NV,drought
2005,3.92,3.87,04,NV,drought
2006,4.2,4.15,04,NV,drought
2007,-3.43,-3.48,04,NV,drought
2008,-3.35,-3.40,04,NV,drought
2009,-2.82,-2.87,04,NV,drought
2010,.59,0.54,04,NV,drought
2011,2.74,2.69,04,NV,drought
2012,-2.87,-2.92,04,NV,drought
2013,-4.42,-4.47,04,NV,drought
2014,-4.31,-4.36,04,NV,drought
2015,-5.98,-6.03,04,NV,drought
2000,-2.42,-2.50,05,NV,drought
2001,-2.79,-2.87,05,NV,drought
2002,-3.74,-3.82,05,NV,drought
2003,-3.35,-3.43,05,NV,drought
2004,-2.96,-3.04,05,NV,drought
2005,5.04,4.96,05,NV,drought
2006,-.04,-0.12,05,NV,drought
2007,-4.64,-4.72,05,NV,drought
2008,-3.15,-3.23,05,NV,drought
2009,-3.27,-3.35,05,NV,drought
2010,1.08,1.00,05,NV,drought
2011,3.53,3.45,05,NV,drought
2012,-4.13,-4.21,05,NV,drought
2013,-4.77,-4.85,05,NV,drought
2014,-4.91,-4.99,05,NV,drought
2015,-5.23,-5.31,05,NV,drought
2000,-3.04,-3.11,06,NV,drought
2001,-3.7,-3.77,06,NV,drought
2002,-4.34,-4.41,06,NV,drought
2003,-4.22,-4.29,06,NV,drought
2004,-3.24,-3.31,06,NV,drought
2005,5.71,5.64,06,NV,drought
2006,-.09,-0.16,06,NV,drought
2007,-5.5,-5.57,06,NV,drought
2008,-3.43,-3.50,06,NV,drought
2009,-2.39,-2.46,06,NV,drought
2010,-.26,-0.33,06,NV,drought
2011,3.99,3.92,06,NV,drought
2012,-5.24,-5.31,06,NV,drought
2013,-5.55,-5.62,06,NV,drought
2014,-5.88,-5.95,06,NV,drought
2015,-6.12,-6.19,06,NV,drought
2000,-3.74,-3.80,07,NV,drought
2001,-3.69,-3.75,07,NV,drought
2002,-4.83,-4.89,07,NV,drought
2003,-4.64,-4.70,07,NV,drought
2004,-3.31,-3.37,07,NV,drought
2005,6.35,6.29,07,NV,drought
2006,-.15,-0.21,07,NV,drought
2007,-6.08,-6.14,07,NV,drought
2008,-3.69,-3.75,07,NV,drought
2009,-2.58,-2.64,07,NV,drought
2010,-.52,-0.58,07,NV,drought
2011,4.48,4.42,07,NV,drought
2012,-5.29,-5.35,07,NV,drought
2013,-5.59,-5.65,07,NV,drought
2014,-6.01,-6.07,07,NV,drought
2015,-5.62,-5.68,07,NV,drought
2000,-3.11,-3.05,08,NV,drought
2001,-4.02,-3.96,08,NV,drought
2002,-5.22,-5.16,08,NV,drought
2003,-3.82,-3.76,08,NV,drought
2004,.11,0.17,08,NV,drought
2005,5.77,5.83,08,NV,drought
2006,-.9,-0.84,08,NV,drought
2007,-5.85,-5.79,08,NV,drought
2008,-4.07,-4.01,08,NV,drought
2009,-2.76,-2.70,08,NV,drought
2010,-.98,-0.92,08,NV,drought
2011,-.22,-0.16,08,NV,drought
2012,-4.67,-4.61,08,NV,drought
2013,-5.37,-5.31,08,NV,drought
2014,-4.57,-4.51,08,NV,drought
2015,-5.52,-5.46,08,NV,drought
2000,-3.12,-3.08,09,NV,drought
2001,-4.14,-4.10,09,NV,drought
2002,-4.89,-4.85,09,NV,drought
2003,-3.87,-3.83,09,NV,drought
2004,-.15,-0.11,09,NV,drought
2005,5.02,5.06,09,NV,drought
2006,-1.26,-1.22,09,NV,drought
2007,-4.93,-4.89,09,NV,drought
2008,-4.27,-4.23,09,NV,drought
2009,-3.15,-3.11,09,NV,drought
2010,-1.33,-1.29,09,NV,drought
2011,-.36,-0.32,09,NV,drought
2012,-4.42,-4.38,09,NV,drought
2013,-3.9,-3.86,09,NV,drought
2014,-3.51,-3.47,09,NV,drought
2015,-5.4,-5.36,09,NV,drought
2000,-1.91,-1.93,10,NV,drought
2001,-4.38,-4.40,10,NV,drought
2002,-4.72,-4.74,10,NV,drought
2003,-4.4,-4.42,10,NV,drought
2004,1.61,1.59,10,NV,drought
2005,4.56,4.54,10,NV,drought
2006,-1,-1.02,10,NV,drought
2007,-4.54,-4.56,10,NV,drought
2008,-4.28,-4.30,10,NV,drought
2009,-2.7,-2.72,10,NV,drought
2010,1.33,1.31,10,NV,drought
2011,-.23,-0.25,10,NV,drought
2012,-4.19,-4.21,10,NV,drought
2013,-3.56,-3.58,10,NV,drought
2014,-4.01,-4.03,10,NV,drought
2015,-4.06,-4.08,10,NV,drought
2000,-1.93,-1.80,11,NV,drought
2001,-3.84,-3.71,11,NV,drought
2002,-4.32,-4.19,11,NV,drought
2003,-3.76,-3.63,11,NV,drought
2004,1.97,2.10,11,NV,drought
2005,3.71,3.84,11,NV,drought
2006,-1.27,-1.14,11,NV,drought
2007,-4.84,-4.71,11,NV,drought
2008,-4.04,-3.91,11,NV,drought
2009,-3.21,-3.08,11,NV,drought
2010,1.52,1.65,11,NV,drought
2011,-.63,-0.50,11,NV,drought
2012,-4.45,-4.32,11,NV,drought
2013,-3.54,-3.41,11,NV,drought
2014,-3.97,-3.84,11,NV,drought
2015,-3.19,-3.06,11,NV,drought
2000,-2.47,-2.40,12,NV,drought
2001,-3.12,-3.05,12,NV,drought
2002,-4.14,-4.07,12,NV,drought
2003,-2.77,-2.70,12,NV,drought
2004,2.15,2.22,12,NV,drought
2005,3.93,4.00,12,NV,drought
2006,-1.52,-1.45,12,NV,drought
2007,-4.09,-4.02,12,NV,drought
2008,-3.57,-3.50,12,NV,drought
2009,.1,0.17,12,NV,drought
2010,2.89,2.96,12,NV,drought
2011,-1.43,-1.36,12,NV,drought
2012,-3.36,-3.29,12,NV,drought
2013,-3.58,-3.51,12,NV,drought
2014,-3.52,-3.45,12,NV,drought
2015,-2.5,-2.43,12,NV,drought
2000,1.43,0.27,01,NV,precip
2001,1.14,-0.02,01,NV,precip
2002,.67,-0.49,01,NV,precip
2003,.52,-0.64,01,NV,precip
2004,.53,-0.63,01,NV,precip
2005,2.25,1.09,01,NV,precip
2006,1.47,0.31,01,NV,precip
2007,.33,-0.83,01,NV,precip
2008,1.48,0.32,01,NV,precip
2009,.87,-0.29,01,NV,precip
2010,1.45,0.29,01,NV,precip
2011,.29,-0.87,01,NV,precip
2012,.94,-0.22,01,NV,precip
2013,.68,-0.48,01,NV,precip
2014,.51,-0.65,01,NV,precip
2015,.5,-0.66,01,NV,precip
2016,1.77,0.61,01,NV,precip
2000,2.28,1.17,02,NV,precip
2001,1.09,-0.02,02,NV,precip
2002,.57,-0.54,02,NV,precip
2003,1.05,-0.06,02,NV,precip
2004,1.65,0.54,02,NV,precip
2005,1.43,0.32,02,NV,precip
2006,.79,-0.32,02,NV,precip
2007,1.01,-0.10,02,NV,precip
2008,1.1,-0.01,02,NV,precip
2009,1.14,0.03,02,NV,precip
2010,1.03,-0.08,02,NV,precip
2011,.83,-0.28,02,NV,precip
2012,.53,-0.58,02,NV,precip
2013,.38,-0.73,02,NV,precip
2014,1.2,0.09,02,NV,precip
2015,.58,-0.53,02,NV,precip
2016,.5,-0.61,02,NV,precip
2000,.97,-0.10,03,NV,precip
2001,1,-0.07,03,NV,precip
2002,.53,-0.54,03,NV,precip
2003,.8,-0.27,03,NV,precip
2004,.34,-0.73,03,NV,precip
2005,1.26,0.19,03,NV,precip
2006,1.74,0.67,03,NV,precip
2007,.59,-0.48,03,NV,precip
2008,.38,-0.69,03,NV,precip
2009,.65,-0.42,03,NV,precip
2010,.94,-0.13,03,NV,precip
2011,1.57,0.50,03,NV,precip
2012,1.01,-0.06,03,NV,precip
2013,.42,-0.65,03,NV,precip
2014,1.03,-0.04,03,NV,precip
2015,.38,-0.69,03,NV,precip
2016,1.07,0.00,03,NV,precip
2000,.69,-0.22,04,NV,precip
2001,1.19,0.28,04,NV,precip
2002,.86,-0.05,04,NV,precip
2003,1.68,0.77,04,NV,precip
2004,1.02,0.11,04,NV,precip
2005,1.34,0.43,04,NV,precip
2006,1.77,0.86,04,NV,precip
2007,.9,-0.01,04,NV,precip
2008,.23,-0.68,04,NV,precip
2009,1.05,0.14,04,NV,precip
2010,1.27,0.36,04,NV,precip
2011,1.22,0.31,04,NV,precip
2012,.67,-0.24,04,NV,precip
2013,.51,-0.40,04,NV,precip
2014,.66,-0.25,04,NV,precip
2015,.7,-0.21,04,NV,precip
2000,1.06,0.08,05,NV,precip
2001,.16,-0.82,05,NV,precip
2002,.4,-0.58,05,NV,precip
2003,.9,-0.08,05,NV,precip
2004,.59,-0.39,05,NV,precip
2005,1.99,1.01,05,NV,precip
2006,.54,-0.44,05,NV,precip
2007,.28,-0.70,05,NV,precip
2008,1.01,0.03,05,NV,precip
2009,.61,-0.37,05,NV,precip
2010,1.07,0.09,05,NV,precip
2011,1.53,0.55,05,NV,precip
2012,.3,-0.68,05,NV,precip
2013,.7,-0.28,05,NV,precip
2014,.79,-0.19,05,NV,precip
2015,2.11,1.13,05,NV,precip
2000,.25,-0.45,06,NV,precip
2001,.13,-0.57,06,NV,precip
2002,.26,-0.44,06,NV,precip
2003,.1,-0.60,06,NV,precip
2004,.34,-0.36,06,NV,precip
2005,.51,-0.19,06,NV,precip
2006,.29,-0.41,06,NV,precip
2007,.34,-0.36,06,NV,precip
2008,.25,-0.45,06,NV,precip
2009,1.84,1.14,06,NV,precip
2010,.2,-0.50,06,NV,precip
2011,.55,-0.15,06,NV,precip
2012,.09,-0.61,06,NV,precip
2013,.12,-0.58,06,NV,precip
2014,.12,-0.58,06,NV,precip
2015,.56,-0.14,06,NV,precip
2000,.04,-0.50,07,NV,precip
2001,.81,0.27,07,NV,precip
2002,.31,-0.23,07,NV,precip
2003,.5,-0.04,07,NV,precip
2004,.54,0.00,07,NV,precip
2005,.37,-0.17,07,NV,precip
2006,.68,0.14,07,NV,precip
2007,.39,-0.15,07,NV,precip
2008,.32,-0.22,07,NV,precip
2009,.4,-0.14,07,NV,precip
2010,.35,-0.19,07,NV,precip
2011,.5,-0.04,07,NV,precip
2012,.85,0.31,07,NV,precip
2013,.76,0.22,07,NV,precip
2014,.77,0.23,07,NV,precip
2015,1.22,0.68,07,NV,precip
2000,1.03,0.43,08,NV,precip
2001,.27,-0.33,08,NV,precip
2002,.06,-0.54,08,NV,precip
2003,1.15,0.55,08,NV,precip
2004,.82,0.22,08,NV,precip
2005,.59,-0.01,08,NV,precip
2006,.06,-0.54,08,NV,precip
2007,.57,-0.03,08,NV,precip
2008,.17,-0.43,08,NV,precip
2009,.35,-0.25,08,NV,precip
2010,.25,-0.35,08,NV,precip
2011,.23,-0.37,08,NV,precip
2012,1,0.40,08,NV,precip
2013,.54,-0.06,08,NV,precip
2014,1.49,0.89,08,NV,precip
2015,.49,-0.11,08,NV,precip
2000,.33,-0.24,09,NV,precip
2001,.25,-0.32,09,NV,precip
2002,.47,-0.10,09,NV,precip
2003,.31,-0.26,09,NV,precip
2004,.45,-0.12,09,NV,precip
2005,.37,-0.20,09,NV,precip
2006,.2,-0.37,09,NV,precip
2007,.87,0.30,09,NV,precip
2008,.14,-0.43,09,NV,precip
2009,.14,-0.43,09,NV,precip
2010,.26,-0.31,09,NV,precip
2011,.48,-0.09,09,NV,precip
2012,.53,-0.04,09,NV,precip
2013,1.39,0.82,09,NV,precip
2014,1.19,0.62,09,NV,precip
2015,.34,-0.23,09,NV,precip
2000,1.65,0.87,10,NV,precip
2001,.28,-0.50,10,NV,precip
2002,.36,-0.42,10,NV,precip
2003,.12,-0.66,10,NV,precip
2004,2.36,1.58,10,NV,precip
2005,.86,0.08,10,NV,precip
2006,.86,0.08,10,NV,precip
2007,.61,-0.17,10,NV,precip
2008,.37,-0.41,10,NV,precip
2009,.78,0.00,10,NV,precip
2010,2.23,1.45,10,NV,precip
2011,.93,0.15,10,NV,precip
2012,.67,-0.11,10,NV,precip
2013,.59,-0.19,10,NV,precip
2014,.12,-0.66,10,NV,precip
2015,1.83,1.05,10,NV,precip
2000,.39,-0.48,11,NV,precip
2001,1.24,0.37,11,NV,precip
2002,.94,0.07,11,NV,precip
2003,.98,0.11,11,NV,precip
2004,1.4,0.53,11,NV,precip
2005,.74,-0.13,11,NV,precip
2006,.61,-0.26,11,NV,precip
2007,.32,-0.55,11,NV,precip
2008,1.12,0.25,11,NV,precip
2009,.18,-0.69,11,NV,precip
2010,1.19,0.32,11,NV,precip
2011,.38,-0.49,11,NV,precip
2012,.48,-0.39,11,NV,precip
2013,.74,-0.13,11,NV,precip
2014,.71,-0.16,11,NV,precip
2015,1.29,0.42,11,NV,precip
2000,.36,-0.66,12,NV,precip
2001,1.37,0.35,12,NV,precip
2002,.81,-0.21,12,NV,precip
2003,1.71,0.69,12,NV,precip
2004,1.3,0.28,12,NV,precip
2005,1.84,0.82,12,NV,precip
2006,.66,-0.36,12,NV,precip
2007,1.38,0.36,12,NV,precip
2008,1.12,0.10,12,NV,precip
2009,1.21,0.19,12,NV,precip
2010,2.82,1.80,12,NV,precip
2011,.11,-0.91,12,NV,precip
2012,1.81,0.79,12,NV,precip
2013,.63,-0.39,12,NV,precip
2014,1.33,0.31,12,NV,precip
2015,1.34,0.32,12,NV,precip
2000,35,5.0,01,NV,temp
2001,29.7,-0.3,01,NV,temp
2002,30.8,0.8,01,NV,temp
2003,40.7,10.7,01,NV,temp
2004,30.4,0.4,01,NV,temp
2005,32.4,2.4,01,NV,temp
2006,34.1,4.1,01,NV,temp
2007,27.5,-2.5,01,NV,temp
2008,27.6,-2.4,01,NV,temp
2009,34.4,4.4,01,NV,temp
2010,32.9,2.9,01,NV,temp
2011,32.9,2.9,01,NV,temp
2012,35,5.0,01,NV,temp
2013,26,-4.0,01,NV,temp
2014,37.1,7.1,01,NV,temp
2015,37.7,7.7,01,NV,temp
2016,31.1,1.1,01,NV,temp
2000,38.3,4.2,02,NV,temp
2001,32,-2.1,02,NV,temp
2002,35.2,1.1,02,NV,temp
2003,34.1,0.0,02,NV,temp
2004,32.3,-1.8,02,NV,temp
2005,35.4,1.3,02,NV,temp
2006,35.2,1.1,02,NV,temp
2007,36.8,2.7,02,NV,temp
2008,34.6,0.5,02,NV,temp
2009,35.3,1.2,02,NV,temp
2010,35.9,1.8,02,NV,temp
2011,32.9,-1.2,02,NV,temp
2012,34.6,0.5,02,NV,temp
2013,33.3,-0.8,02,NV,temp
2014,39.3,5.2,02,NV,temp
2015,42.7,8.6,02,NV,temp
2016,38.4,4.3,02,NV,temp
2000,41,1.5,03,NV,temp
2001,43.8,4.3,03,NV,temp
2002,38.2,-1.3,03,NV,temp
2003,42.7,3.2,03,NV,temp
2004,47.9,8.4,03,NV,temp
2005,41.5,2.0,03,NV,temp
2006,35.8,-3.7,03,NV,temp
2007,45.9,6.4,03,NV,temp
2008,40.2,0.7,03,NV,temp
2009,40.1,0.6,03,NV,temp
2010,39.9,0.4,03,NV,temp
2011,40.6,1.1,03,NV,temp
2012,42.4,2.9,03,NV,temp
2013,44.7,5.2,03,NV,temp
2014,43.5,4.0,03,NV,temp
2015,47.6,8.1,03,NV,temp
2016,44,4.5,03,NV,temp
2000,51.5,4.9,04,NV,temp
2001,45.7,-0.9,04,NV,temp
2002,49.5,2.9,04,NV,temp
2003,44.2,-2.4,04,NV,temp
2004,49.4,2.8,04,NV,temp
2005,45.8,-0.8,04,NV,temp
2006,47.7,1.1,04,NV,temp
2007,49.2,2.6,04,NV,temp
2008,45.2,-1.4,04,NV,temp
2009,46.1,-0.5,04,NV,temp
2010,44.2,-2.4,04,NV,temp
2011,44.4,-2.2,04,NV,temp
2012,49.9,3.3,04,NV,temp
2013,48.4,1.8,04,NV,temp
2014,49,2.4,04,NV,temp
2015,47.8,1.2,04,NV,temp
2000,58.6,3.6,05,NV,temp
2001,61.8,6.8,05,NV,temp
2002,55.7,0.7,05,NV,temp
2003,57,2.0,05,NV,temp
2004,56.8,1.8,05,NV,temp
2005,56.3,1.3,05,NV,temp
2006,59,4.0,05,NV,temp
2007,58.8,3.8,05,NV,temp
2008,54.3,-0.7,05,NV,temp
2009,60.6,5.6,05,NV,temp
2010,49.2,-5.8,05,NV,temp
2011,50.8,-4.2,05,NV,temp
2012,58,3.0,05,NV,temp
2013,56.5,1.5,05,NV,temp
2014,57.4,2.4,05,NV,temp
2015,55.4,0.4,05,NV,temp
2000,68.1,4.2,06,NV,temp
2001,67.1,3.2,06,NV,temp
2002,67.6,3.7,06,NV,temp
2003,67.8,3.9,06,NV,temp
2004,67,3.1,06,NV,temp
2005,61.5,-2.4,06,NV,temp
2006,68.9,5.0,06,NV,temp
2007,67.6,3.7,06,NV,temp
2008,65.4,1.5,06,NV,temp
2009,62.4,-1.5,06,NV,temp
2010,64.8,0.9,06,NV,temp
2011,62.4,-1.5,06,NV,temp
2012,66.2,2.3,06,NV,temp
2013,68.7,4.8,06,NV,temp
2014,66.7,2.8,06,NV,temp
2015,70.9,7.0,06,NV,temp
2000,72.4,0.3,07,NV,temp
2001,72,-0.1,07,NV,temp
2002,76.3,4.2,07,NV,temp
2003,77,4.9,07,NV,temp
2004,73.8,1.7,07,NV,temp
2005,75.9,3.8,07,NV,temp
2006,76.2,4.1,07,NV,temp
2007,76.9,4.8,07,NV,temp
2008,74.3,2.2,07,NV,temp
2009,74.1,2.0,07,NV,temp
2010,74.1,2.0,07,NV,temp
2011,71.9,-0.2,07,NV,temp
2012,73.7,1.6,07,NV,temp
2013,76.3,4.2,07,NV,temp
2014,76.1,4.0,07,NV,temp
2015,70.8,-1.3,07,NV,temp
2000,72.3,2.2,08,NV,temp
2001,74.2,4.1,08,NV,temp
2002,70.3,0.2,08,NV,temp
2003,72.4,2.3,08,NV,temp
2004,70.1,0.0,08,NV,temp
2005,71.4,1.3,08,NV,temp
2006,70.1,0.0,08,NV,temp
2007,72.9,2.8,08,NV,temp
2008,73.2,3.1,08,NV,temp
2009,70.3,0.2,08,NV,temp
2010,69.9,-0.2,08,NV,temp
2011,72.5,2.4,08,NV,temp
2012,74.3,4.2,08,NV,temp
2013,71.6,1.5,08,NV,temp
2014,69.5,-0.6,08,NV,temp
2015,72.6,2.5,08,NV,temp
2000,62.2,0.5,09,NV,temp
2001,65.5,3.8,09,NV,temp
2002,63.2,1.5,09,NV,temp
2003,64.8,3.1,09,NV,temp
2004,61.5,-0.2,09,NV,temp
2005,60.1,-1.6,09,NV,temp
2006,61.5,-0.2,09,NV,temp
2007,61.4,-0.3,09,NV,temp
2008,63.9,2.2,09,NV,temp
2009,66.7,5.0,09,NV,temp
2010,63.9,2.2,09,NV,temp
2011,65.6,3.9,09,NV,temp
2012,66.2,4.5,09,NV,temp
2013,62.5,0.8,09,NV,temp
2014,65.5,3.8,09,NV,temp
2015,65.8,4.1,09,NV,temp
2000,50,-0.8,10,NV,temp
2001,54.7,3.9,10,NV,temp
2002,49.1,-1.7,10,NV,temp
2003,57,6.2,10,NV,temp
2004,49.5,-1.3,10,NV,temp
2005,51.7,0.9,10,NV,temp
2006,49.7,-1.1,10,NV,temp
2007,49.9,-0.9,10,NV,temp
2008,52,1.2,10,NV,temp
2009,47.9,-2.9,10,NV,temp
2010,52.9,2.1,10,NV,temp
2011,52.4,1.6,10,NV,temp
2012,53.4,2.6,10,NV,temp
2013,48.1,-2.7,10,NV,temp
2014,55.4,4.6,10,NV,temp
2015,56.1,5.3,10,NV,temp
2000,33.8,-5.1,11,NV,temp
2001,41.6,2.7,11,NV,temp
2002,40.2,1.3,11,NV,temp
2003,35.9,-3.0,11,NV,temp
2004,37.8,-1.1,11,NV,temp
2005,42.1,3.2,11,NV,temp
2006,40.2,1.3,11,NV,temp
2007,42.3,3.4,11,NV,temp
2008,44.4,5.5,11,NV,temp
2009,40.7,1.8,11,NV,temp
2010,37.4,-1.5,11,NV,temp
2011,37.6,-1.3,11,NV,temp
2012,43.4,4.5,11,NV,temp
2013,41.5,2.6,11,NV,temp
2014,41.5,2.6,11,NV,temp
2015,36.1,-2.8,11,NV,temp
2000,34.6,3.4,12,NV,temp
2001,30.6,-0.6,12,NV,temp
2002,33.5,2.3,12,NV,temp
2003,33.3,2.1,12,NV,temp
2004,33.5,2.3,12,NV,temp
2005,33.9,2.7,12,NV,temp
2006,31.1,-0.1,12,NV,temp
2007,29.2,-2.0,12,NV,temp
2008,30,-1.2,12,NV,temp
2009,26,-5.2,12,NV,temp
2010,35.7,4.5,12,NV,temp
2011,30.9,-0.3,12,NV,temp
2012,31.3,0.1,12,NV,temp
2013,28.4,-2.8,12,NV,temp
2014,35.6,4.4,12,NV,temp
2015,31.1,-0.1,12,NV,temp
2000,-2.19,-2.52,01,UT,drought
2001,-1.8,-2.13,01,UT,drought
2002,-2.81,-3.14,01,UT,drought
2003,-4.47,-4.80,01,UT,drought
2004,-3.45,-3.78,01,UT,drought
2005,4.05,3.72,01,UT,drought
2006,-.6,-0.93,01,UT,drought
2007,-.73,-1.06,01,UT,drought
2008,-1.83,-2.16,01,UT,drought
2009,-1.6,-1.93,01,UT,drought
2010,.32,-0.01,01,UT,drought
2011,2.67,2.34,01,UT,drought
2012,-.89,-1.22,01,UT,drought
2013,-3.47,-3.80,01,UT,drought
2014,-2.37,-2.70,01,UT,drought
2015,-2.09,-2.42,01,UT,drought
2016,-1,-1.33,01,UT,drought
2000,-1.8,-2.18,02,UT,drought
2001,-1.47,-1.85,02,UT,drought
2002,-3.32,-3.70,02,UT,drought
2003,-4.13,-4.51,02,UT,drought
2004,-2.45,-2.83,02,UT,drought
2005,4.75,4.37,02,UT,drought
2006,-1.07,-1.45,02,UT,drought
2007,-.79,-1.17,02,UT,drought
2008,-1.21,-1.59,02,UT,drought
2009,-1.59,-1.97,02,UT,drought
2010,.26,-0.12,02,UT,drought
2011,3.03,2.65,02,UT,drought
2012,-1.03,-1.41,02,UT,drought
2013,-3.69,-4.07,02,UT,drought
2014,-2.58,-2.96,02,UT,drought
2015,-2.79,-3.17,02,UT,drought
2016,-1.3,-1.68,02,UT,drought
2000,-1.84,-2.24,03,UT,drought
2001,-1.58,-1.98,03,UT,drought
2002,-3.55,-3.95,03,UT,drought
2003,-4.13,-4.53,03,UT,drought
2004,-3.27,-3.67,03,UT,drought
2005,4.79,4.39,03,UT,drought
2006,-.34,-0.74,03,UT,drought
2007,-1.46,-1.86,03,UT,drought
2008,-1.38,-1.78,03,UT,drought
2009,-1.97,-2.37,03,UT,drought
2010,.14,-0.26,03,UT,drought
2011,2.97,2.57,03,UT,drought
2012,-1.83,-2.23,03,UT,drought
2013,-4.16,-4.56,03,UT,drought
2014,-3.01,-3.41,03,UT,drought
2015,-3.65,-4.05,03,UT,drought
2016,-1.52,-1.92,03,UT,drought
2000,-2.52,-2.98,04,UT,drought
2001,-1.28,-1.74,04,UT,drought
2002,-3.86,-4.32,04,UT,drought
2003,-4.01,-4.47,04,UT,drought
2004,-2.74,-3.20,04,UT,drought
2005,4.83,4.37,04,UT,drought
2006,-.49,-0.95,04,UT,drought
2007,-1.81,-2.27,04,UT,drought
2008,-1.61,-2.07,04,UT,drought
2009,-1.52,-1.98,04,UT,drought
2010,.34,-0.12,04,UT,drought
2011,3.54,3.08,04,UT,drought
2012,-2.44,-2.90,04,UT,drought
2013,-3.77,-4.23,04,UT,drought
2014,-3.09,-3.55,04,UT,drought
2015,-3.79,-4.25,04,UT,drought
2000,-2.93,-3.39,05,UT,drought
2001,-1.65,-2.11,05,UT,drought
2002,-4.59,-5.05,05,UT,drought
2003,-4.05,-4.51,05,UT,drought
2004,-2.95,-3.41,05,UT,drought
2005,5.07,4.61,05,UT,drought
2006,-1.13,-1.59,05,UT,drought
2007,-2.4,-2.86,05,UT,drought
2008,-1.36,-1.82,05,UT,drought
2009,-1.48,-1.94,05,UT,drought
2010,.7,0.24,05,UT,drought
2011,4.88,4.42,05,UT,drought
2012,-3.49,-3.95,05,UT,drought
2013,-3.77,-4.23,05,UT,drought
2014,-3.31,-3.77,05,UT,drought
2015,-2.34,-2.80,05,UT,drought
2000,-3.44,-3.91,06,UT,drought
2001,-2.02,-2.49,06,UT,drought
2002,-5.48,-5.95,06,UT,drought
2003,-4.38,-4.85,06,UT,drought
2004,-2.98,-3.45,06,UT,drought
2005,5.71,5.24,06,UT,drought
2006,-1.66,-2.13,06,UT,drought
2007,-3.08,-3.55,06,UT,drought
2008,-1.23,-1.70,06,UT,drought
2009,-.81,-1.28,06,UT,drought
2010,.85,0.38,06,UT,drought
2011,5.08,4.61,06,UT,drought
2012,-4.61,-5.08,06,UT,drought
2013,-4.68,-5.15,06,UT,drought
2014,-4.04,-4.51,06,UT,drought
2015,-2.6,-3.07,06,UT,drought
2000,-4.21,-4.67,07,UT,drought
2001,-2.22,-2.68,07,UT,drought
2002,-6.11,-6.57,07,UT,drought
2003,-5.08,-5.54,07,UT,drought
2004,-3.09,-3.55,07,UT,drought
2005,5.61,5.15,07,UT,drought
2006,-1.86,-2.32,07,UT,drought
2007,-3.55,-4.01,07,UT,drought
2008,-1.53,-1.99,07,UT,drought
2009,-1.04,-1.50,07,UT,drought
2010,.72,0.26,07,UT,drought
2011,6.08,5.62,07,UT,drought
2012,-4.6,-5.06,07,UT,drought
2013,-4.57,-5.03,07,UT,drought
2014,-4.2,-4.66,07,UT,drought
2015,-2.42,-2.88,07,UT,drought
2000,-3.79,-4.21,08,UT,drought
2001,-2.15,-2.57,08,UT,drought
2002,-6.61,-7.03,08,UT,drought
2003,-4.93,-5.35,08,UT,drought
2004,-3.11,-3.53,08,UT,drought
2005,5.23,4.81,08,UT,drought
2006,-2.09,-2.51,08,UT,drought
2007,-3.51,-3.93,08,UT,drought
2008,-1.79,-2.21,08,UT,drought
2009,-1.72,-2.14,08,UT,drought
2010,.82,0.40,08,UT,drought
2011,5.7,5.28,08,UT,drought
2012,-4.6,-5.02,08,UT,drought
2013,-4.17,-4.59,08,UT,drought
2014,-2.75,-3.17,08,UT,drought
2015,-2.27,-2.69,08,UT,drought
2000,-3.56,-4.02,09,UT,drought
2001,-2.72,-3.18,09,UT,drought
2002,-4.87,-5.33,09,UT,drought
2003,-4.85,-5.31,09,UT,drought
2004,.2,-0.26,09,UT,drought
2005,-.03,-0.49,09,UT,drought
2006,.42,-0.04,09,UT,drought
2007,-2.88,-3.34,09,UT,drought
2008,-2.01,-2.47,09,UT,drought
2009,-1.91,-2.37,09,UT,drought
2010,-.74,-1.20,09,UT,drought
2011,5.13,4.67,09,UT,drought
2012,-4.25,-4.71,09,UT,drought
2013,-2.26,-2.72,09,UT,drought
2014,-1.14,-1.60,09,UT,drought
2015,-2.33,-2.79,09,UT,drought
2000,-2,-2.49,10,UT,drought
2001,-3.11,-3.60,10,UT,drought
2002,-4.17,-4.66,10,UT,drought
2003,-5.22,-5.71,10,UT,drought
2004,1.89,1.40,10,UT,drought
2005,.1,-0.39,10,UT,drought
2006,1.9,1.41,10,UT,drought
2007,-2.83,-3.32,10,UT,drought
2008,-2.14,-2.63,10,UT,drought
2009,-1.85,-2.34,10,UT,drought
2010,.96,0.47,10,UT,drought
2011,4.76,4.27,10,UT,drought
2012,-4.08,-4.57,10,UT,drought
2013,-2.03,-2.52,10,UT,drought
2014,-1.96,-2.45,10,UT,drought
2015,-1.88,-2.37,10,UT,drought
2000,-1.83,-2.12,11,UT,drought
2001,-2.67,-2.96,11,UT,drought
2002,-3.89,-4.18,11,UT,drought
2003,-4.41,-4.70,11,UT,drought
2004,2.37,2.08,11,UT,drought
2005,-.53,-0.82,11,UT,drought
2006,-.26,-0.55,11,UT,drought
2007,-3.44,-3.73,11,UT,drought
2008,-2.25,-2.54,11,UT,drought
2009,-2.4,-2.69,11,UT,drought
2010,1.24,0.95,11,UT,drought
2011,-.14,-0.43,11,UT,drought
2012,-4.33,-4.62,11,UT,drought
2013,-2.02,-2.31,11,UT,drought
2014,-2.15,-2.44,11,UT,drought
2015,-1.65,-1.94,11,UT,drought
2000,-1.94,-2.19,12,UT,drought
2001,-2.46,-2.71,12,UT,drought
2002,-3.93,-4.18,12,UT,drought
2003,-3.5,-3.75,12,UT,drought
2004,2.57,2.32,12,UT,drought
2005,-.67,-0.92,12,UT,drought
2006,-.38,-0.63,12,UT,drought
2007,-2.49,-2.74,12,UT,drought
2008,-1.73,-1.98,12,UT,drought
2009,.12,-0.13,12,UT,drought
2010,2.94,2.69,12,UT,drought
2011,-.66,-0.91,12,UT,drought
2012,-3.62,-3.87,12,UT,drought
2013,-2.02,-2.27,12,UT,drought
2014,-1.98,-2.23,12,UT,drought
2015,-1.36,-1.61,12,UT,drought
2000,1.42,0.20,01,UT,precip
2001,1.02,-0.20,01,UT,precip
2002,.43,-0.79,01,UT,precip
2003,.4,-0.82,01,UT,precip
2004,.6,-0.62,01,UT,precip
2005,2.76,1.54,01,UT,precip
2006,1.35,0.13,01,UT,precip
2007,.53,-0.69,01,UT,precip
2008,1.67,0.45,01,UT,precip
2009,1.12,-0.10,01,UT,precip
2010,1.58,0.36,01,UT,precip
2011,.39,-0.83,01,UT,precip
2012,.97,-0.25,01,UT,precip
2013,1.01,-0.21,01,UT,precip
2014,.61,-0.61,01,UT,precip
2015,.92,-0.30,01,UT,precip
2016,1.45,0.23,01,UT,precip
2000,1.92,0.70,02,UT,precip
2001,1.24,0.02,02,UT,precip
2002,.28,-0.94,02,UT,precip
2003,1.47,0.25,02,UT,precip
2004,1.89,0.67,02,UT,precip
2005,1.61,0.39,02,UT,precip
2006,.56,-0.66,02,UT,precip
2007,1.05,-0.17,02,UT,precip
2008,1.53,0.31,02,UT,precip
2009,.98,-0.24,02,UT,precip
2010,1.11,-0.11,02,UT,precip
2011,1.21,-0.01,02,UT,precip
2012,1.04,-0.18,02,UT,precip
2013,.52,-0.70,02,UT,precip
2014,1.06,-0.16,02,UT,precip
2015,.63,-0.59,02,UT,precip
2016,.59,-0.63,02,UT,precip
2000,1.29,-0.07,03,UT,precip
2001,1.24,-0.12,03,UT,precip
2002,.8,-0.56,03,UT,precip
2003,1.33,-0.03,03,UT,precip
2004,.33,-1.03,03,UT,precip
2005,1.63,0.27,03,UT,precip
2006,2.4,1.04,03,UT,precip
2007,.82,-0.54,03,UT,precip
2008,.67,-0.69,03,UT,precip
2009,.79,-0.57,03,UT,precip
2010,1.3,-0.06,03,UT,precip
2011,1.27,-0.09,03,UT,precip
2012,.73,-0.63,03,UT,precip
2013,.73,-0.63,03,UT,precip
2014,.99,-0.37,03,UT,precip
2015,.85,-0.51,03,UT,precip
2016,1.23,-0.13,03,UT,precip
2000,.58,-0.64,04,UT,precip
2001,1.49,0.27,04,UT,precip
2002,.87,-0.35,04,UT,precip
2003,.93,-0.29,04,UT,precip
2004,1.82,0.60,04,UT,precip
2005,1.75,0.53,04,UT,precip
2006,1.16,-0.06,04,UT,precip
2007,.91,-0.31,04,UT,precip
2008,.42,-0.80,04,UT,precip
2009,1.56,0.34,04,UT,precip
2010,1.39,0.17,04,UT,precip
2011,2.02,0.80,04,UT,precip
2012,.73,-0.49,04,UT,precip
2013,1.28,0.06,04,UT,precip
2014,.94,-0.28,04,UT,precip
2015,.98,-0.24,04,UT,precip
2000,.93,-0.22,05,UT,precip
2001,.65,-0.50,05,UT,precip
2002,.38,-0.77,05,UT,precip
2003,1.08,-0.07,05,UT,precip
2004,.63,-0.52,05,UT,precip
2005,1.74,0.59,05,UT,precip
2006,.42,-0.73,05,UT,precip
2007,.68,-0.47,05,UT,precip
2008,1.07,-0.08,05,UT,precip
2009,1.23,0.08,05,UT,precip
2010,1.24,0.09,05,UT,precip
2011,2.81,1.66,05,UT,precip
2012,.28,-0.87,05,UT,precip
2013,.97,-0.18,05,UT,precip
2014,1.02,-0.13,05,UT,precip
2015,3.2,2.05,05,UT,precip
2000,.49,-0.24,06,UT,precip
2001,.37,-0.36,06,UT,precip
2002,.15,-0.58,06,UT,precip
2003,.56,-0.17,06,UT,precip
2004,.66,-0.07,06,UT,precip
2005,1.43,0.70,06,UT,precip
2006,.42,-0.31,06,UT,precip
2007,.39,-0.34,06,UT,precip
2008,.65,-0.08,06,UT,precip
2009,1.74,1.01,06,UT,precip
2010,.79,0.06,06,UT,precip
2011,.54,-0.19,06,UT,precip
2012,.03,-0.70,06,UT,precip
2013,.02,-0.71,06,UT,precip
2014,.24,-0.49,06,UT,precip
2015,.97,0.24,06,UT,precip
2000,.31,-0.68,07,UT,precip
2001,.95,-0.04,07,UT,precip
2002,.61,-0.38,07,UT,precip
2003,.39,-0.60,07,UT,precip
2004,.82,-0.17,07,UT,precip
2005,.41,-0.58,07,UT,precip
2006,1.21,0.22,07,UT,precip
2007,.91,-0.08,07,UT,precip
2008,.53,-0.46,07,UT,precip
2009,.49,-0.50,07,UT,precip
2010,.83,-0.16,07,UT,precip
2011,1.72,0.73,07,UT,precip
2012,1.41,0.42,07,UT,precip
2013,1.5,0.51,07,UT,precip
2014,1.14,0.15,07,UT,precip
2015,1.46,0.47,07,UT,precip
2000,1.57,0.36,08,UT,precip
2001,1.27,0.06,08,UT,precip
2002,.29,-0.92,08,UT,precip
2003,1.19,-0.02,08,UT,precip
2004,.89,-0.32,08,UT,precip
2005,1.32,0.11,08,UT,precip
2006,.9,-0.31,08,UT,precip
2007,1.21,0.00,08,UT,precip
2008,.92,-0.29,08,UT,precip
2009,.39,-0.82,08,UT,precip
2010,1.38,0.17,08,UT,precip
2011,.96,-0.25,08,UT,precip
2012,1.07,-0.14,08,UT,precip
2013,1.4,0.19,08,UT,precip
2014,2.46,1.25,08,UT,precip
2015,1.27,0.06,08,UT,precip
2000,.93,-0.13,09,UT,precip
2001,.31,-0.75,09,UT,precip
2002,2.27,1.21,09,UT,precip
2003,.64,-0.42,09,UT,precip
2004,1.22,0.16,09,UT,precip
2005,.92,-0.14,09,UT,precip
2006,1.4,0.34,09,UT,precip
2007,1.4,0.34,09,UT,precip
2008,.62,-0.44,09,UT,precip
2009,.75,-0.31,09,UT,precip
2010,.26,-0.80,09,UT,precip
2011,.96,-0.10,09,UT,precip
2012,1.04,-0.02,09,UT,precip
2013,2.74,1.68,09,UT,precip
2014,2.66,1.60,09,UT,precip
2015,.88,-0.18,09,UT,precip
2000,2.77,1.54,10,UT,precip
2001,.51,-0.72,10,UT,precip
2002,1.32,0.09,10,UT,precip
2003,.43,-0.80,10,UT,precip
2004,3.43,2.20,10,UT,precip
2005,1.38,0.15,10,UT,precip
2006,3.08,1.85,10,UT,precip
2007,.85,-0.38,10,UT,precip
2008,.82,-0.41,10,UT,precip
2009,.79,-0.44,10,UT,precip
2010,2.57,1.34,10,UT,precip
2011,1.42,0.19,10,UT,precip
2012,.96,-0.27,10,UT,precip
2013,1.01,-0.22,10,UT,precip
2014,.2,-1.03,10,UT,precip
2015,1.8,0.57,10,UT,precip
2000,.68,-0.38,11,UT,precip
2001,1.52,0.46,11,UT,precip
2002,.93,-0.13,11,UT,precip
2003,1.35,0.29,11,UT,precip
2004,1.69,0.63,11,UT,precip
2005,.65,-0.41,11,UT,precip
2006,.7,-0.36,11,UT,precip
2007,.33,-0.73,11,UT,precip
2008,1.07,0.01,11,UT,precip
2009,.4,-0.66,11,UT,precip
2010,1.4,0.34,11,UT,precip
2011,.9,-0.16,11,UT,precip
2012,.67,-0.39,11,UT,precip
2013,1.02,-0.04,11,UT,precip
2014,.75,-0.31,11,UT,precip
2015,1.07,0.01,11,UT,precip
2000,.64,-0.47,12,UT,precip
2001,1.12,0.01,12,UT,precip
2002,.71,-0.40,12,UT,precip
2003,1.76,0.65,12,UT,precip
2004,1.29,0.18,12,UT,precip
2005,1.08,-0.03,12,UT,precip
2006,.81,-0.30,12,UT,precip
2007,2.2,1.09,12,UT,precip
2008,1.69,0.58,12,UT,precip
2009,1.56,0.45,12,UT,precip
2010,3.38,2.27,12,UT,precip
2011,.51,-0.60,12,UT,precip
2012,1.76,0.65,12,UT,precip
2013,1.01,-0.10,12,UT,precip
2014,1.26,0.15,12,UT,precip
2015,1.38,0.27,12,UT,precip
2000,31.9,6.6,01,UT,temp
2001,26.3,1.0,01,UT,temp
2002,26.1,0.8,01,UT,temp
2003,35.2,9.9,01,UT,temp
2004,24.2,-1.1,01,UT,temp
2005,32.6,7.3,01,UT,temp
2006,29.9,4.6,01,UT,temp
2007,22.4,-2.9,01,UT,temp
2008,22.8,-2.5,01,UT,temp
2009,29.5,4.2,01,UT,temp
2010,27,1.7,01,UT,temp
2011,25.4,0.1,01,UT,temp
2012,31,5.7,01,UT,temp
2013,19.7,-5.6,01,UT,temp
2014,30.4,5.1,01,UT,temp
2015,32.3,7.0,01,UT,temp
2016,26.7,1.4,01,UT,temp
2000,36,5.7,02,UT,temp
2001,31.7,1.4,02,UT,temp
2002,29,-1.3,02,UT,temp
2003,31,0.7,02,UT,temp
2004,27.8,-2.5,02,UT,temp
2005,33.5,3.2,02,UT,temp
2006,31.5,1.2,02,UT,temp
2007,34.3,4.0,02,UT,temp
2008,30.5,0.2,02,UT,temp
2009,33.1,2.8,02,UT,temp
2010,29.9,-0.4,02,UT,temp
2011,28.6,-1.7,02,UT,temp
2012,31.7,1.4,02,UT,temp
2013,27.6,-2.7,02,UT,temp
2014,35.7,5.4,02,UT,temp
2015,39.2,8.9,02,UT,temp
2016,34.4,4.1,02,UT,temp
2000,38.8,1.5,03,UT,temp
2001,41.4,4.1,03,UT,temp
2002,36.1,-1.2,03,UT,temp
2003,40.3,3.0,03,UT,temp
2004,45.6,8.3,03,UT,temp
2005,39,1.7,03,UT,temp
2006,36.3,-1.0,03,UT,temp
2007,43.1,5.8,03,UT,temp
2008,37.2,-0.1,03,UT,temp
2009,39.3,2.0,03,UT,temp
2010,38,0.7,03,UT,temp
2011,39.4,2.1,03,UT,temp
2012,42.6,5.3,03,UT,temp
2013,41.1,3.8,03,UT,temp
2014,41,3.7,03,UT,temp
2015,45.1,7.8,03,UT,temp
2016,42.2,4.9,03,UT,temp
2000,51,5.5,04,UT,temp
2001,47,1.5,04,UT,temp
2002,49.7,4.2,04,UT,temp
2003,45.8,0.3,04,UT,temp
2004,48,2.5,04,UT,temp
2005,45.9,0.4,04,UT,temp
2006,48.4,2.9,04,UT,temp
2007,48.3,2.8,04,UT,temp
2008,43.1,-2.4,04,UT,temp
2009,45.3,-0.2,04,UT,temp
2010,44.7,-0.8,04,UT,temp
2011,43.5,-2.0,04,UT,temp
2012,49.6,4.1,04,UT,temp
2013,45,-0.5,04,UT,temp
2014,46.7,1.2,04,UT,temp
2015,47.1,1.6,04,UT,temp
2000,59.3,4.6,05,UT,temp
2001,59.3,4.6,05,UT,temp
2002,56.3,1.6,05,UT,temp
2003,57.4,2.7,05,UT,temp
2004,57,2.3,05,UT,temp
2005,56,1.3,05,UT,temp
2006,58.9,4.2,05,UT,temp
2007,57.7,3.0,05,UT,temp
2008,52.8,-1.9,05,UT,temp
2009,58.7,4.0,05,UT,temp
2010,50.2,-4.5,05,UT,temp
2011,50.8,-3.9,05,UT,temp
2012,58,3.3,05,UT,temp
2013,56,1.3,05,UT,temp
2014,56.5,1.8,05,UT,temp
2015,53.8,-0.9,05,UT,temp
2000,67.3,3.3,06,UT,temp
2001,67.1,3.1,06,UT,temp
2002,68.7,4.7,06,UT,temp
2003,66,2.0,06,UT,temp
2004,66.1,2.1,06,UT,temp
2005,61.8,-2.2,06,UT,temp
2006,68.8,4.8,06,UT,temp
2007,68.2,4.2,06,UT,temp
2008,65,1.0,06,UT,temp
2009,62,-2.0,06,UT,temp
2010,65.4,1.4,06,UT,temp
2011,63.3,-0.7,06,UT,temp
2012,68.7,4.7,06,UT,temp
2013,69.2,5.2,06,UT,temp
2014,66,2.0,06,UT,temp
2015,70.1,6.1,06,UT,temp
2000,74.1,2.6,07,UT,temp
2001,72.9,1.4,07,UT,temp
2002,76.2,4.7,07,UT,temp
2003,77.2,5.7,07,UT,temp
2004,72.2,0.7,07,UT,temp
2005,74.8,3.3,07,UT,temp
2006,75,3.5,07,UT,temp
2007,76.2,4.7,07,UT,temp
2008,74.1,2.6,07,UT,temp
2009,73.2,1.7,07,UT,temp
2010,73.1,1.6,07,UT,temp
2011,71.8,0.3,07,UT,temp
2012,73.2,1.7,07,UT,temp
2013,74.6,3.1,07,UT,temp
2014,74.6,3.1,07,UT,temp
2015,70.1,-1.4,07,UT,temp
2000,73,3.6,08,UT,temp
2001,72.4,3.0,08,UT,temp
2002,70.7,1.3,08,UT,temp
2003,72.7,3.3,08,UT,temp
2004,68.6,-0.8,08,UT,temp
2005,69,-0.4,08,UT,temp
2006,69.7,0.3,08,UT,temp
2007,72.8,3.4,08,UT,temp
2008,71.7,2.3,08,UT,temp
2009,69.7,0.3,08,UT,temp
2010,69.3,-0.1,08,UT,temp
2011,72.5,3.1,08,UT,temp
2012,73,3.6,08,UT,temp
2013,71,1.6,08,UT,temp
2014,67.7,-1.7,08,UT,temp
2015,71,1.6,08,UT,temp
2000,62,1.4,09,UT,temp
2001,65.2,4.6,09,UT,temp
2002,61.1,0.5,09,UT,temp
2003,62.2,1.6,09,UT,temp
2004,60.2,-0.4,09,UT,temp
2005,60.8,0.2,09,UT,temp
2006,58.1,-2.5,09,UT,temp
2007,61.7,1.1,09,UT,temp
2008,61.9,1.3,09,UT,temp
2009,64.3,3.7,09,UT,temp
2010,63.8,3.2,09,UT,temp
2011,63.2,2.6,09,UT,temp
2012,63.6,3.0,09,UT,temp
2013,61.4,0.8,09,UT,temp
2014,64.2,3.6,09,UT,temp
2015,65.5,4.9,09,UT,temp
2000,49.1,0.2,10,UT,temp
2001,52.2,3.3,10,UT,temp
2002,47,-1.9,10,UT,temp
2003,55,6.1,10,UT,temp
2004,48.9,0.0,10,UT,temp
2005,50.4,1.5,10,UT,temp
2006,47.3,-1.6,10,UT,temp
2007,48.9,0.0,10,UT,temp
2008,50.4,1.5,10,UT,temp
2009,45.7,-3.2,10,UT,temp
2010,51.1,2.2,10,UT,temp
2011,50.1,1.2,10,UT,temp
2012,50.9,2.0,10,UT,temp
2013,46.4,-2.5,10,UT,temp
2014,53.1,4.2,10,UT,temp
2015,54.3,5.4,10,UT,temp
2000,29.8,-6.2,11,UT,temp
2001,39.3,3.3,11,UT,temp
2002,35.9,-0.1,11,UT,temp
2003,34.1,-1.9,11,UT,temp
2004,35.7,-0.3,11,UT,temp
2005,39,3.0,11,UT,temp
2006,38.2,2.2,11,UT,temp
2007,40.6,4.6,11,UT,temp
2008,40.9,4.9,11,UT,temp
2009,39,3.0,11,UT,temp
2010,34.8,-1.2,11,UT,temp
2011,36.1,0.1,11,UT,temp
2012,41.2,5.2,11,UT,temp
2013,38,2.0,11,UT,temp
2014,37.7,1.7,11,UT,temp
2015,34.6,-1.4,11,UT,temp
2000,30.4,3.4,12,UT,temp
2001,25,-2.0,12,UT,temp
2002,29.3,2.3,12,UT,temp
2003,30.3,3.3,12,UT,temp
2004,30.1,3.1,12,UT,temp
2005,29.2,2.2,12,UT,temp
2006,27.9,0.9,12,UT,temp
2007,24.6,-2.4,12,UT,temp
2008,27,0.0,12,UT,temp
2009,21.6,-5.4,12,UT,temp
2010,32.5,5.5,12,UT,temp
2011,26.8,-0.2,12,UT,temp
2012,27.8,0.8,12,UT,temp
2013,23.1,-3.9,12,UT,temp
2014,31.7,4.7,12,UT,temp
2015,26.7,-0.3,12,UT,temp